t,Speed,accx,accy,yaw_rate,steering_angle,current
0.0,2.0,-0.025862030948983594,-0.003913709694196305,1.4038085940925131,0.0,0.0
0.05,0.49272703539770557,-0.025394521462485865,-0.005815619932658164,1.383938951398638,0.0,0.0
0.1,0.08794342472650651,-0.025573603270704542,-0.006602683672069754,1.3901896642639786,0.0007432381078700311,0.0
0.15000000000000002,-0.4852313816944053,-0.024591148666625477,-0.0064929044803710345,1.3775266965469688,0.0015010598850610632,0.0
0.2,0.005805459896807141,-0.021796265221781692,-0.006858790874430677,1.3901091283794305,0.0022588816622520947,0.0
0.25,0.0,-0.014444210604862843,-0.011247211659109408,1.3805888179812138,0.0030167034394431263,0.0
0.30000000000000004,-1.99992522217642,0.010615695509995438,-0.02422664427077111,1.472263886550678,0.003063110557106054,0.0
0.35000000000000003,310.0176979631194,0.09670506854452902,-0.05449096323261133,1.720400238267449,0.00299201738973206,0.9022055200674949
0.4,751.3125249670029,0.22168709350120708,-0.08170146241371945,1.642842636999724,0.0025308470022151848,1.7565533271816198
0.45,937.815318182356,0.2692303855826619,-0.05625089564740095,1.5256138350024897,0.0023256343897258367,3.462307783311841
0.5,1198.904256026758,0.23719334400324837,-0.003944455643553557,1.6505739682220382,0.002389051976077418,2.1359824779786964
0.55,1580.9147795517802,0.20831389311658993,0.02521277920608944,1.4330591700326223,0.003496428333643273,1.886864736422375
0.6000000000000001,2007.5874954020285,0.18833697723109866,0.037021829211040455,0.7910467564808997,0.004186463426746424,1.630901598679556
0.65,2476.3536805562107,0.15849566229054024,0.025403966288924044,-0.276334788444475,0.0036535245211966713,1.4024054224880427
0.7000000000000001,2849.9345992719464,0.12445059075591712,0.005415523041788977,-0.8623939021635639,0.0031828056304661623,1.27
0.75,3302.325894144794,0.09337635249233711,0.01554782901082025,-1.50891901748617,0.0034515218801186224,1.4773080713392943
0.8,3580.3264224327795,0.07502139293134183,0.046254996089210534,-2.027742371809473,0.0035122343427782575,1.193576048959241
0.8500000000000001,3913.863102303835,0.07827420808860025,0.05520026909050964,-0.4289082616294035,0.0015913119172198448,1.6625684488480825
0.9,4128.579249523162,0.09113388379802054,0.025954799216710976,1.3711143517865425,0.0003945778303959257,1.1813589787169754
0.9500000000000001,4384.4148510549885,0.09081109853644037,0.005735620191974069,1.5291314819859614,0.0013830151049528372,1.0466927784808928
1.0,4732.384988647552,0.07748032190770368,0.018810863242966203,0.9491412069395191,0.003253481329996261,1.7079685145371617
1.05,4829.0411873973,0.08161035860872749,0.011792218442960332,0.5577849466875858,-0.0007400650900683482,1.0604235193255698
1.1,5023.615009609347,0.09055793886985868,-0.027895096286130305,1.1144806131880314,-0.0009226055548424057,0.9439933781135234
1.1500000000000001,5170.0867638144655,0.06803047723626064,-0.06396548300922447,2.5232083366420537,-0.00014834520952724216,0.8724819242053197
1.2000000000000002,5343.906268172935,0.04804361705585421,-0.062486425566042274,2.901702382567498,0.0008573700790450679,1.223186882120213
1.25,5461.412673955448,0.04781866572514225,-0.032173201583580585,2.1035319626668967,-0.0015668948388697628,0.9111047912534627
1.3,5588.36616826214,0.04494257200404333,-0.004216085660493047,0.23781205616583256,0.0032171549147648913,0.8304225544919068
1.35,5768.346638506217,0.044488732227524044,0.026692814132273965,-1.5239228720163664,-0.0006000473955849471,1.2727337205395273
1.4000000000000001,5851.642358229157,0.05599524952025146,0.043989785036231584,-0.8998164219185237,-0.0016000292585814854,0.9104768556944565
1.4500000000000002,5941.945549145224,0.08091117628044975,0.044234818363619595,-0.374798631330729,0.003645885609227179,1.3882303472197688
1.5,6082.414235661513,0.0978546968008734,0.030550335906475493,-1.1545188882118913,0.004275628533111646,0.963989831670348
1.55,6246.515298494116,0.10682881814683778,-0.005174504127538037,-1.6528871273114714,0.00459639130297732,1.1721481322507197
1.6,6320.943302819764,0.11947405041353007,-0.03704975576335033,-1.0555957752813379,0.003868221598877524,1.0063382942075825
1.6500000000000001,6411.021927794631,0.11211999987903984,-0.06539538082242029,0.8570931242678613,0.001952850324832466,0.8999817268378074
1.7000000000000002,6500.550853708833,0.08898232963738426,-0.09761312026059149,2.2797866897840673,0.006838497409240613,1.1211161020444271
1.75,6632.392316169321,0.08357191286900555,-0.10365936316295851,1.6161570676797468,0.01994324101408315,1.0193461397177985
1.8,6742.496067275005,0.0797450239850448,-0.0728638086867412,1.4716454994031536,0.021846625803369858,0.87
1.85,6835.36784364622,0.050847800472763494,-0.009164330827514104,2.007165423449764,0.02063000527610333,1.1138794136733228
1.9000000000000001,6841.923285373714,0.039512982127306584,0.03903224956383148,0.9345941899253362,0.025736478662358127,1.0809315347477617
1.9500000000000002,6970.43228021978,0.051522932758127166,0.013284943759170633,-0.47848325246284473,0.027757054077781288,0.8599065934065937
2.0,7107.95170424317,0.0494091371743588,-0.03006139183082016,-0.2269005686602929,0.031214248285041005,1.1728977454098342
2.0500000000000003,7143.427440616839,0.023725833214042664,-0.04724526408913077,3.3674893616665202,0.015986880173121835,0.9877269618206682
2.1,7178.945968236593,-0.011180229173426632,-0.04948997943767438,6.071640072114441,0.020968155855512236,0.969099470609884
2.15,7348.316517401655,-0.0061472966632227805,-0.007252184367722771,4.024403173347617,0.03755880334996883,1.2611869402562073
2.2,7397.576685225974,0.023924373313325167,0.0672731929425284,2.942443842992348,0.06404995522423026,0.991465643226486
2.25,7455.1903625152945,0.025374554473345648,0.10433885394051265,7.845086703797651,0.07186820283737695,1.1274082915477075
2.3000000000000003,7536.745302037412,0.010311594680788336,0.08734999561145387,14.326564809263058,0.07355345713618919,0.9602122483021561
2.35,7637.996544545812,0.013809350121742142,0.05020910349870997,17.330979616774876,0.07730086609219672,0.85
2.4000000000000004,7604.618407493693,0.012787413432823731,0.02814008147863862,19.394065157926132,0.09734391992406294,0.48007534292922716
2.45,7643.197535072354,-0.03474878422145202,0.05531527536429717,23.443482559866432,0.09934745582971274,0.43586785336678935
2.5,7400.164803827751,-0.08216904993532101,0.09940725799378719,26.420775053242988,0.0955979896918902,0.5832263157894737
2.5500000000000003,7432.3344068829865,-0.09327461852868368,0.08980225945221916,26.625016462878243,0.09169616172656449,0.2793311862340264
2.6,7139.154898308305,-0.093724280134817,0.049340505103156684,27.533522545291973,0.09426492930822113,0.023964037255273407
2.6500000000000004,7198.9608054174305,-0.09592005974276142,0.05574433744726886,29.217155759574307,0.08722931924611861,0.17692796388379958
2.7,6945.441563361329,-0.10071295768747479,0.09577303545912633,29.798893919075354,0.11783588595474624,-0.03240656799864389
2.75,6967.540996261006,-0.08892108552936664,0.0952979425904567,30.07236935097041,0.12092483798597083,0.1062298878301773
2.8000000000000003,6818.015362453737,-0.07170367240930535,0.07251079209368042,30.77462902516733,0.11986344354148441,0.05771983245795347
2.85,6721.822670245455,-0.07950257887975426,0.0807161836371888,31.489568781632705,0.11404391352198691,0.08911335122727346
2.9000000000000004,6690.025065994435,-0.0894537626065112,0.09445137645109808,30.688102268188334,0.10758253753948241,0.13001253299721735
2.95,6614.590378039627,-0.09071893982824626,0.0882538344213927,29.079537241461157,0.14130143015962024,0.1899416915873377
3.0,6440.111558104368,-0.08528551672439752,0.07812344171576621,30.381379943177826,0.13240726727611923,0.2643510513852036
3.0500000000000003,6307.0840404737255,-0.04736923234524227,0.05344905717472395,34.06145899749251,0.09158068358434285,0.2671199264114075
3.1,6159.187724626373,-0.006536789889650085,-0.014649253876841805,32.185363166234694,0.09880265547475836,0.3899652361803014
3.1500000000000004,6002.5140835034235,0.0006218149648455017,-0.06500922526475907,25.256485273487623,0.11309545516674548,0.3799638884527609
3.2,5938.986470672185,-0.009669702220319402,-0.020489387874044564,24.323920757962014,0.1564120387878663,0.2999549022406166
3.25,5882.796706187522,-0.03814299142926793,0.05878948740080804,30.390348805658768,0.17570416297450397,0.3561311162500459
3.3000000000000003,5793.586082488886,-0.062398970191862524,0.09591441655624273,39.06686073107818,0.18515196048781773,0.2914896912591369
3.35,5746.765009425942,-0.05746934934762371,0.10256413603840864,44.21882422268479,0.14916519905422723,0.41
3.4000000000000004,5691.2436109273085,-0.03485493101605732,0.1000995017181889,42.014567137103114,0.1379454450004642,0.44
3.45,5657.610221708622,-0.010721600096062905,0.09907964182943711,38.95328539008824,0.1549250236431499,0.43
3.5,5581.256278244951,-0.0075519044772084706,0.09895760078961971,37.654117025779406,0.12233300705095936,0.30039662109337756
3.5500000000000003,5602.5157845448375,-0.01580242555611814,0.082257444720743,35.89414724715145,0.1532933600158156,0.4135243646462361
3.6,5552.793953606645,-0.020785939207795208,0.05971139573245829,35.37162904954611,0.159040900913548,0.4618859096431498
3.6500000000000004,5514.6200485598665,-0.034299666462902965,0.06688390842312769,37.514371187508786,0.15455931428595204,0.4581002427993332
3.7,5500.015018674583,-0.051981755752625786,0.09745477090190505,39.3527621955555,0.20280184339696727,0.4501001244972226
3.75,5499.468725887059,-0.047025726828992864,0.10076857645877348,43.32719170031173,0.17957818472226258,0.3797725519058868
3.8000000000000003,5466.126919256421,-0.025180161209665215,0.07933323667559788,48.623883937227475,0.1696039983924747,0.4199206754647369
3.85,5416.9334832819395,-0.02315328096261168,0.06811777644702256,48.589390559716655,0.2542211579319112,0.3902989539875445
3.9000000000000004,5387.177959183673,-0.034674299417730106,0.09488912002465835,54.4311982811113,0.33683357620748056,0.43946612244898015
3.95,5337.489584672002,-0.030049700340481968,0.1733069046029174,68.76293644355306,0.3600000143051147,0.3728298615573339
4.0,5276.340900104663,-0.022219882519051277,0.2286868487911994,76.08679685721434,0.3600000143051147,0.4572257239213862
4.05,5262.9232029117375,-0.04236983997332281,0.22396809661161887,76.67414395123791,0.3600000143051147,0.41528798908098297
4.1000000000000005,5225.082620663913,-0.07148193928831618,0.21730915265230005,76.6025885315749,0.3600000143051147,0.4866401427671659
4.15,5198.904407175298,-0.06419105441536134,0.21433972080392605,77.44187717234195,0.3600000143051147,0.4718325933067762
4.2,5192.4110260454,-0.04289353833741949,0.20658513996354774,78.64996528281694,0.32653603715007734,0.4479448697729991
4.25,5159.666824824445,-0.057032536373558484,0.21460137518219763,77.90563405492884,0.27696692257886285,0.5059522679825393
4.3,5134.719822090437,-0.07331375633281366,0.21487546426488358,74.43425151000291,0.16905000798953332,0.5287297257227573
4.3500000000000005,5111.777468049075,-0.06685218813258169,0.1703881171431551,61.71876112083949,0.09199941410204343,0.47481455670756245
4.4,5131.966519896204,-0.05443652122149341,0.10559887316023037,39.61948993889644,0.0772951464840748,0.4893303979240789
4.45,5118.46371548549,-0.023717141788866847,0.052307488724441596,23.68400113147504,0.07341288963292089,0.53
4.5,5125.115419464257,0.000531849065064606,0.02929770746503005,19.996502812241395,0.07162533599910792,0.7394442766535789
4.55,5171.513313978598,-0.0035369764469762696,0.04484939039482776,19.589769289870382,0.06288023499790675,0.57
4.6000000000000005,5290.825134338298,-0.014238944602709587,0.040441650215660194,17.518689634549922,0.059195379786015766,0.946428408388426
4.65,5273.131273813399,-0.020955371571771787,0.014701191585646405,14.655357794773469,0.059715520969064455,0.588228646920293
4.7,5365.779801228418,-0.01711202425101821,0.021245727847440492,12.378139572663816,0.05199477486174106,0.6098925859650821
4.75,5494.103197375271,-0.0038466974393293824,0.02422234665501597,12.251239191111562,0.0653511636948324,0.8407739803145317
4.800000000000001,5575.7178462564325,0.016474563251372417,0.0025108028846028765,13.683826548547078,0.061996589586120435,0.9292765288626477
4.8500000000000005,5645.097178921395,0.045895786600798,-0.007025237416082729,13.866643375977505,0.06830594425573198,0.9216414928701903
4.9,5763.063974836428,0.05996432544961037,0.011062187332764557,13.608400947083448,0.05421839950868801,0.7310119190957536
4.95,5910.833230188804,0.04630698093697512,0.03336115594044549,14.231192719045545,0.07476322367537673,0.955556930815943
5.0,5955.905869080966,0.03908088031806764,0.044590240820913625,14.610475236476535,0.057630815449961584,0.8797908201799253
5.050000000000001,6090.5552543599815,0.03516568092431174,0.06789941536410414,15.99064938024903,0.07436219903077035,1.0651705226261767
5.1000000000000005,6163.357289382472,0.02494813405741053,0.0882973856102914,17.490586930857777,0.06288201251948172,0.9811017896300472
5.15,6352.898631905743,0.03728240141050535,0.10085971454943883,16.585015414424372,0.0717536789358646,1.1369461022130638
5.2,6420.008206289131,0.052138291174663044,0.1110003593881429,15.962132287601582,0.07809602244156096,0.8900082062891304
5.25,6516.030666011555,0.03128026574173208,0.09838445753988437,17.937691562981726,0.07822335196705581,1.0193700760720397
5.300000000000001,6551.896227799228,-0.004456057906249575,0.07658470648400678,19.320603649276467,0.09404155040436411,0.9496540926640932
5.3500000000000005,6636.453261909318,-0.017359653604038294,0.06041337583563202,19.265691611407625,0.1206910523152484,0.8209112301511362
5.4,6710.797010550446,-0.014188956004590022,0.050473525406377784,21.630819749874867,0.12398990883246766,0.79
5.45,6753.940832882639,-0.011123205589430616,0.0353595556735546,26.92684698792376,0.10856370538025524,0.78
5.5,6783.919806295399,-0.01615184171615799,0.030157506190115296,31.108545522437588,0.14438334335346495,0.8204009685230024
5.550000000000001,6797.251136047838,-0.029631082612950648,0.0651316397128566,35.20122795590572,0.19325929312665197,0.7823189941832043
5.6000000000000005,6860.390965566834,-0.029873988752206537,0.1158455508111668,44.15412897630852,0.17680988302979925,0.71
5.65,6869.188114139842,-0.024776716827224585,0.15284241148218503,52.43511497293332,0.1612271245058567,0.7381188586015835
5.7,6859.191484371393,-0.02759795818827901,0.18055019276627132,53.63541144805624,0.18280099706410502,0.7590425781430353
5.75,6874.5258737116455,-0.019940004707979395,0.21411917907938052,53.999712844895726,0.18980775717720086,0.7349137542945149
5.800000000000001,6923.864876393603,-0.00985613296351949,0.23200491133152218,57.26163892911958,0.1948148579653432,0.6104112457586014
5.8500000000000005,6939.021744720518,-0.02020981366703847,0.2067971526863975,60.31156811922237,0.1750642198190968,0.6473788692102442
5.9,6913.207151370679,-0.02671888364451158,0.1703871254129226,61.695076273589756,0.16775767131016353,0.698870083432659
5.95,6912.346133553174,-0.014623704072981188,0.16857075622619375,60.239134528138656,0.14609829026496174,0.6614872877164065
6.0,6914.798300017296,-0.018173663810899136,0.19206260836536765,55.40892544728278,0.161188697851117,0.6706723332756789
6.050000000000001,6915.16681732473,-0.031905284662887404,0.19563014929090577,49.8298000309175,0.12907064455170464,0.6491704331182443
6.1000000000000005,6905.051020187844,-0.023675825893462645,0.17877602748149918,46.40934854979036,0.130548542370517,0.6698866218047914
6.15,6895.260834990059,-0.02342506889109553,0.17008198756068657,42.85587286441682,0.11307987275092013,0.6410139165009934
6.2,6868.084935651336,-0.03553224945980774,0.16260520414067092,37.43465469631208,0.11554315304834697,0.7380273897248425
6.25,6888.541476072657,-0.02212722184975647,0.126467928474501,32.14764409008898,0.10616443732349941,0.6548617464244765
6.300000000000001,6893.909872683397,-0.012066331422738689,0.08847764064579847,29.90561750292652,0.1198996701881437,0.6205257426801843
6.3500000000000005,6889.940607118611,-0.02199249443260732,0.08155534669940463,31.589720957744262,0.10564434395655069,0.6858908932208313
6.4,6871.219848288797,-0.023738022180441583,0.09848189710806037,32.66057280959647,0.10905948733495531,0.7090947423402474
6.45,6895.295412711763,0.0003387544276625982,0.12187718717486286,31.581154551641276,0.10667189330282355,0.63
6.5,6905.741413047608,0.02159469289379638,0.12385431007099135,32.515370124674575,0.12353806812392186,0.6207388198639766
6.550000000000001,6924.123227037464,0.004461789206315984,0.11397201178691617,36.47506767711111,0.12752285958132706,0.6746919324063393
6.6000000000000005,6924.233761133651,-0.02448901437171034,0.12838562086836963,39.37684420041471,0.1289175319890221,0.639833027761678
6.65,6940.384587120712,-0.043199666504009034,0.1533971126138337,39.34431920264635,0.12357541297562366,0.5953512565891368
6.7,6949.922945038628,-0.039471267467665355,0.14682927819621894,38.976065884700574,0.12387028132983881,0.6094863002575228
6.75,6947.38982600611,-0.028615020882000835,0.10954291702949845,40.18375731929974,0.1306999748313768,0.5880508699694514
6.800000000000001,6932.711883996244,-0.032099986075036585,0.07223336249098249,40.73895969110724,0.10506115927590236,0.6563196685606971
6.8500000000000005,6909.490697366998,-0.021127448318294908,0.06476199166095303,37.94962468154755,0.10167647553148428,0.6950930263300202
6.9,6923.988173604195,-0.00954664908433742,0.0860749908969145,34.08086900849395,0.1095547941203355,0.6399746577232753
6.95,6923.066689834063,-0.016330605142069774,0.10587638132347349,32.81595471056385,0.11091044887416907,0.6346665508296825
7.0,6877.191946044405,-0.019335157813427196,0.09995872117227383,33.1339936074784,0.11365022109753668,0.72
7.050000000000001,6876.0113075005665,-0.014054908341752229,0.07595964118090293,32.201673576037535,0.12507777468587983,0.81
7.1000000000000005,6907.396319886766,-0.003584228424672453,0.06292762297053872,31.905328924120056,0.10430106862002354,0.66
7.15,6919.218120526547,-0.0010342773095461115,0.07362844714918464,34.03467631716539,0.0955084491368772,0.6704510071575241
7.2,6899.446502179125,-0.020912704349389997,0.09402869341939904,35.991838150306606,0.09411288287820567,0.7588837445521872
7.25,6897.891357461641,-0.041879379590779725,0.107294687897665,35.61151745159823,0.10988772251647963,0.718314819037691
7.300000000000001,6920.722394719718,-0.03267705655553263,0.110237577719173,33.85761292882254,0.11310069206724264,0.6819962582504399
7.3500000000000005,6947.8253115826965,-0.01757958612629765,0.09389986635861498,33.5951843836792,0.10831040192758752,0.7095008902362756
7.4,6942.520481813327,-0.020067310660968514,0.07007859254521427,34.29546864146678,0.10326885643624983,0.6724658636444553
7.45,6939.627413947778,-0.018729846061594797,0.06920416496520718,33.529885981861156,0.1012664686861266,0.66
7.5,6958.970023632821,-0.01358313395556305,0.07643726605979043,31.862110767926367,0.09116258233034427,0.6644222397280153
7.550000000000001,6989.3101715390185,-0.01077924737089892,0.06675463414997271,30.56770463863145,0.07582060320496006,0.69
7.6000000000000005,6991.8618995462375,-0.016961675777482962,0.04985266839524363,29.688715750892072,0.06509044329638403,0.6405311555913952
7.65,7007.788579403385,-0.030740671576731333,0.06592789253078603,28.145055351764697,0.06805273410781999,0.7821142059661551
7.7,7004.046261488289,-0.026993469196911566,0.1121951796063261,25.702457357341377,0.06636226918888147,0.73
7.75,7060.425887365071,-0.010630658566200978,0.1175735423725634,22.88050443087689,0.052495283923712,0.7135851224240684
7.800000000000001,7087.549599934205,1.3913615399457034e-05,0.08453777921038498,19.312951652627273,0.04267758658773828,0.7112010668421209
7.8500000000000005,7095.006412065307,-0.007981610354012635,0.075353919442964,15.612318365931792,0.036230799763202697,0.8700320603265358
7.9,7102.857554656639,-0.029566886455510095,0.08598331812215695,11.852873990874063,0.03945759151726541,0.8299287773283196
7.95,7158.120420786052,-0.021651866140841226,0.07939226226596721,8.810929837925421,0.042611305288825826,0.744899649344957
8.0,7199.692653761913,0.005319847414357301,0.055544220669367435,9.055820797673249,0.04786176429300945,0.938882377316048
8.05,7196.196247269742,0.006214883838105539,0.049331475769153754,11.934684179490377,0.05444202517233278,0.8740187636512888
8.1,7223.939247170935,0.00292478624929218,0.0714306743742515,13.321006583556478,0.06428624115327582,0.8299132102441927
8.15,7292.279622729389,0.015621437919591063,0.09026645827320522,11.832980932032553,0.0789943154705629,0.8763981136469484
8.200000000000001,7324.919935710603,0.0178830922540233,0.08485796257254868,12.441711235211447,0.07851828542204643,0.8102001607234935
8.25,7357.207521273675,-0.007444722056513996,0.06677341573395569,17.129729071176726,0.08655049881711172,1.080864671973648
8.3,7392.495774318156,-0.02427234611297086,0.049282641775454064,21.339155909697304,0.09064267576485793,0.919747887159078
8.35,7446.7915551181095,0.008460927920976802,0.030515760447010973,23.341622538533176,0.09457385098679945,1.0305387057086635
8.4,7508.817780131827,0.04354036117753223,0.026963610404915676,25.64357182820954,0.10036077716027637,0.9201656544256119
8.450000000000001,7587.568569242058,0.04400094135467574,0.04694439458370919,28.737994779131064,0.11017789831666576,1.1005579222601483
8.5,7628.397498934962,0.04097407331088643,0.06022401986143423,31.760651128476233,0.1289436992811514,0.9492776377449588
8.55,7668.4233425992925,0.026510236045803184,0.07402500898305078,35.939243488762585,0.1357978110943363,0.7049096759453213
8.6,7647.293023614757,0.0017883534992676371,0.10001471917429267,41.365898942678555,0.13275387423638282,0.7169739543139406
8.65,7649.4565352770505,-0.02272335330045825,0.11225380750229341,44.50230537568246,0.1310213961575028,0.6025369990328622
8.700000000000001,7612.704881838783,-0.045330206111881835,0.11921270600235484,43.5317263230839,0.1328467991833257,0.5842603647350891
8.75,7612.745715450119,-0.031888743847747425,0.1173957394117619,40.92621448947554,0.14111212056939348,0.5125428454988096
8.8,7547.930747261489,-0.00909248654516661,0.11163051621866113,40.030277994072094,0.12915343018889258,0.48853239820204386
8.85,7500.030142521305,-0.012512515291413078,0.09876522078297306,41.47636129797881,0.12168395399979068,0.5129609903026732
8.9,7435.164529741327,-0.01793362029220602,0.08206016298534649,42.54847938830298,0.12382183713961846,0.540182810823697
8.950000000000001,7400.511294480071,-0.01921931069742157,0.1221021196681986,42.812727720130624,0.13277515453701416,0.48089177040111425
9.0,7334.665836584193,-0.022165426168432537,0.18532583859820062,43.93626913733159,0.14698789465081916,0.42222775610538127
9.05,7303.142666813649,-0.024805749189034422,0.2124444734261493,44.43464463361631,0.1379590009847605,0.53549470070395
9.1,7276.0,-0.02731092479411607,0.2017155251613161,42.479223859658866,0.12563277203292106,0.5406961476587546
9.15,7233.731339739429,-0.04113615217417242,0.15413169554967568,40.035217546828626,0.10398684572994062,0.4273133973942903
9.200000000000001,7216.957691946024,-0.05806347566394757,0.11638532537946675,38.4387411552729,0.11009482165677217,0.5382988151770156
9.25,7160.43606123847,-0.047801825539842746,0.138075512334669,37.095726028195884,0.10723437472008655,0.50843606123847
9.3,7140.757799350291,-0.030700682126763093,0.16456060906053063,36.29023630474589,0.11889813672710542,0.53
9.35,7115.245082544402,-0.03382576909082849,0.140142315400945,36.27028489627864,0.10556691167031212,0.53
9.4,7061.219994752033,-0.03640518465494276,0.10590933341856945,36.38258236817009,0.11676381981315448,0.48029999284368163
9.450000000000001,7031.3386370763465,-0.026292218399700716,0.08761836276132953,36.334101280681224,0.12052398191907919,0.6
9.5,7000.889935263076,-0.023953942496188443,0.08148049195727516,35.791670369757554,0.12341610372161582,0.5698427646615372
9.55,6958.428160067754,-0.025417917383529713,0.08142256176068502,35.6580085607023,0.17183855755964125,0.5090679652763082
9.600000000000001,6970.0247058823525,-0.021344065181502933,0.0897911934280207,41.18705942297713,0.1990390222307711,0.5499382352941184
9.65,6921.465338654968,-0.024779778518939394,0.12047686708068764,52.29728848940934,0.21516016437695618,0.5959580501719931
9.700000000000001,6887.368216669289,-0.015469475599405771,0.14782849168640813,60.04904932453989,0.18304071039794303,0.6489957727201202
9.75,6862.956344232353,0.00453118470667788,0.14413103599788846,61.20839742553639,0.19398054931448963,0.6356548365147011
9.8,6849.96447725649,-0.0016390987562722864,0.11266718090558189,58.69813938433914,0.1430158208776726,0.5603552274351022
9.850000000000001,6847.428365827128,-0.013976236813678454,0.082966328933294,53.09296190292062,0.12888957235507303,0.6004093381306975
9.9,6836.123337939321,-0.008917255252462529,0.08328205134498444,45.8733237581393,0.12701013685995433,0.6001027816161008
9.950000000000001,6830.998237399298,0.0017641399973704047,0.10601858315379759,40.67558126042003,0.10609360279392306,0.5892819372842096
10.0,6845.070951119322,0.011587126849087944,0.10530667440730085,38.086358857775394,0.08226475954898456,0.5601182518655357
10.05,6828.765136408459,-0.006456635487696181,0.0756379200463356,34.162041528630354,0.08786038038635477,0.5915150651911895
10.100000000000001,6804.080866524675,-0.041680577312486734,0.07420402521344352,29.026324470604905,0.09281631823135002,0.6556765339013014
10.15,6791.5757845881835,-0.046823214303517297,0.10675761822911047,25.68815025651844,0.08791240360281792,0.62
10.200000000000001,6807.746516529318,-0.03458649582629033,0.1175114310655403,23.51045637629493,0.11081391367057365,0.6006913185564065
10.25,6806.533358884683,-0.01694251021477368,0.07615299713453139,23.93842475597316,0.11057638436621164,0.5707406697647679
10.3,6815.157495586677,-0.0056573978702596775,0.03436654580391725,27.62518628538963,0.1033742574506981,0.5996062610333065
10.350000000000001,6812.037943199573,-0.01798386400066337,0.03571341376435706,30.747748417244416,0.12992259908766432,0.6020073457158094
10.4,6810.701404067453,-0.029110075267467922,0.05601707109785321,32.26595034053332,0.1282182960488681,0.6176619864418227
10.450000000000001,6817.296751008078,-0.0202103607278909,0.07580061287920457,34.41492431020963,0.09396175943813612,0.6642465189372269
10.5,6802.276293348494,-0.008147109499430889,0.08215029350375308,35.58464285294953,0.07433953308082651,0.6696546333143832
10.55,6805.395500772631,-0.003938971707695341,0.06780385785997797,32.71325457601581,0.043422744281081095,0.665348330757896
10.600000000000001,6835.533679224004,0.01079192681769453,0.03961639857756064,25.136675924558972,0.04799510515060514,0.8775456801263395
10.65,6821.770035375984,0.02353152532170452,0.009491246517767182,16.104788287058472,0.06571082456290929,0.7465374557800204
10.700000000000001,6850.714382530834,0.019516650557363874,0.006108441132134571,12.220495351206733,0.09165062667924041,0.7102596522446966
10.75,6897.985062510148,0.008203805125379356,0.05327496412313664,17.646650175791255,0.12236510635679956,0.9670983639437266
10.8,6944.91354268997,-0.02096129808175872,0.11189190459727356,27.601164714968128,0.10813470514704103,0.88
10.850000000000001,6825.316441978185,-0.09046846777981145,0.1170872892039593,31.30840780694661,0.1059000967616781,0.4690943217253675
10.9,6289.570107626149,-0.17302092851484763,0.08399352872104046,29.208623638776395,0.08921656603265891,-0.24607473093462692
10.950000000000001,6353.906755023515,-0.22224797121226048,0.06072258463561046,27.122276079523502,0.08308325009576874,-0.37082884423541973
11.0,6158.162984790874,-0.21850615318649985,0.05371375634576728,23.155440057161208,0.07388966055643861,-0.3001846007604563
11.05,5972.79848552018,-0.16034902968593562,0.05122628651613906,18.40323270601668,0.04438717875361164,-0.16090736990929538
11.100000000000001,5649.505853379149,-0.10760788125776749,0.04025166777161088,12.973912163638172,-0.06051423347218261,-0.22404547537227154
11.15,5433.752629016087,-0.10215693405030876,0.015987213996609913,0.8212684181578087,-0.1034905435083888,-0.05234928152002631
11.200000000000001,5056.546725041767,-0.11810087145356535,-0.0010915740580562992,-13.395215108371808,-0.11278954842404543,-0.10742212493038852
11.25,4916.149538244086,-0.11069113185368995,0.005932041122777962,-20.86400664397322,0.0683714666111869,-0.01947215616613663
11.3,4742.242735496589,-0.08989975917465723,0.029283303581273065,-14.565666708147074,0.13715455380559008,0.049853951336073815
11.350000000000001,4491.449298262507,-0.11112160501708898,0.05940102209418359,4.678589626196403,0.05076692443426603,-0.00460895397758964
11.4,4219.495135516735,-0.1450560004264214,0.0735587594096351,16.788931217690283,0.3600000143051147,0.059164308678605455
11.450000000000001,4180.61289176402,-0.1380869359125012,0.07802664264552456,23.03463215856568,0.3600000143051147,0.07421909819445743
11.5,4025.7304894310873,-0.11226151577367068,0.10630341927162816,39.61733272115408,0.3600000143051147,0.01019223406081251
11.55,3940.6892165616473,-0.08571211085865996,0.13012599697378432,53.051110172941335,0.3600000143051147,0.06344608280823605
11.600000000000001,3772.6256222871766,-0.046948191123918376,0.12492300666786695,54.208085671918695,0.3600000143051147,0.21256036850031532
11.65,3565.3207447813643,-0.01683833635310046,0.10776633782777414,53.57266921354585,0.3600000143051147,0.32148160092719796
11.700000000000001,3451.4745814420703,-0.013434839261758147,0.10026504171561304,54.493494752188795,0.3600000143051147,0.3254378487982749
11.75,3407.140056386901,-0.02021971982652152,0.12156320757636921,54.36481743095311,0.3600000143051147,0.3457002819345044
11.8,3424.3826357392763,-0.02297454902323398,0.1379844475048525,52.15333672864445,0.3600000143051147,0.31237942205520314
11.850000000000001,3396.438083923393,-0.02608338607433763,0.1257623776287447,50.08735741416454,0.3600000143051147,0.3517354623073408
11.9,3397.818010471204,-0.03925139050136575,0.1116498749007834,49.12662181338454,0.3600000143051147,0.3501654450261778
11.950000000000001,3403.7083919908678,-0.051202134947398614,0.08928400170399864,49.15479095682158,0.3600000143051147,0.36
12.0,3359.4530568762452,-0.05716084264762342,0.06174396351431337,50.10976148583869,0.3600000143051147,0.4095469431237546
12.05,3337.5517008887537,-0.07048209030992524,0.06159344407853266,49.31619476464732,0.3600000143051147,0.3806896909403791
12.100000000000001,3397.8390086550467,-0.07260187756854905,0.08077068184780603,47.44110052220148,0.3600000143051147,0.35
12.15,3386.5206883509827,-0.04436380585925338,0.10237271809249458,47.535189268151555,0.3600000143051147,0.3939986762481098
12.200000000000001,3313.3589201542627,-0.019475304635810105,0.1260817098952695,48.43990054462223,0.3600000143051147,0.45039880017140305
12.25,3328.8508075330883,-0.015514229390876154,0.12990220196513277,48.23460315309218,0.3600000143051147,0.42601399335315726
12.3,3423.214419188071,-0.002223086358659719,0.0931239389963818,48.904936403464866,0.3600000143051147,0.6697270201517005
12.350000000000001,3505.9694970991004,0.012682568061309126,0.07352138330204049,49.86868217878845,0.3600000143051147,0.5087798839640204
12.4,3471.8138700799022,-0.0003239205068190001,0.09951979633529565,50.21753288130621,0.3600000143051147,0.6062516118587085
12.450000000000001,3481.733622825857,-0.030624669166402475,0.14902600827874302,50.33473361691645,0.3600000143051147,0.5304439619569055
12.5,3571.054289009137,-0.0336854226244064,0.18581500112134822,50.34546359558375,0.3600000143051147,0.4608112303734587
12.55,3741.15988242377,-0.007838136765543118,0.1497311283685876,53.02522086304665,0.3600000143051147,1.080125886838768
12.600000000000001,3720.9703616304387,-0.0061182539347150984,0.12495301422580242,56.19450118037502,0.3600000143051147,0.7708891510868354
12.65,3819.369006802145,-0.0015223168036907209,0.14633715654417112,57.43658714118166,0.3600000143051147,0.6303711724693263
12.700000000000001,3887.426160417298,0.030585296877688066,0.14060288966987086,57.690157818241104,0.3600000143051147,0.62
12.75,4021.5580690222746,0.04431644565094903,0.1266588047811961,57.802291423341494,0.3600000143051147,0.94581448233294
12.8,4156.670013977637,0.04092912109906572,0.12444211584204593,58.94624029679351,0.3600000143051147,0.7271696884984019
12.850000000000001,4219.977794869095,0.03778374897669156,0.14413980396007228,60.80135463989177,0.3600000143051147,0.7548458726228725
12.9,4373.680721723928,0.03234002330153084,0.16032363205104078,63.86958941029283,0.3600000143051147,1.0925330647613227
12.950000000000001,4530.087858350055,0.022824532107113188,0.13727028812247827,68.25512401038279,0.3600000143051147,0.772119568479407
13.0,4582.972844936977,0.015161610601713484,0.12237684862234713,71.1879945459639,0.3600000143051147,0.859185348109297
13.05,4733.48745454546,0.016885069811335356,0.1252306838520317,70.63796966828913,0.3600000143051147,1.1965145454545618
13.100000000000001,4909.726053584915,0.01975525626526041,0.12704431824917506,69.67693869565724,0.3600000143051147,0.8275616857358629
13.15,4955.086607529969,0.026128846041722817,0.14964306543668798,70.44238220009866,0.259564645631093,0.9744881003995863
13.200000000000001,5118.395027280561,0.03920752918376428,0.1561012044602277,69.58938965666952,-0.03395021918262902,1.1144266296544303
13.25,5227.991344489325,0.046657412658126424,0.11126904465121178,57.545784955533,-0.14512767220850498,0.9535434698980573
13.3,5325.695950814985,0.047321347658786844,0.03542441043238778,28.16885408258366,-0.1864202183297232,0.8973496139548196
13.350000000000001,5489.471041126082,0.02496081692134231,-0.03742841020171095,-9.986953771850644,-0.25391256369408405,1.3249957226981122
13.4,5584.756163532533,-0.013107848153292594,-0.0967455777956645,-43.24971973998144,-0.30318371463257915,0.9702031970562229
13.450000000000001,5655.941904439503,-0.018696272662518956,-0.15683902585085435,-62.94313610493507,-0.3080349023136695,0.907513057355641
13.5,5715.744484276881,0.003999332079107083,-0.18942811798867681,-71.56288982871851,-0.2912974066371205,0.900106464884633
13.55,5860.5760822821085,0.02978520489024207,-0.17695296717717962,-76.64902634492734,-0.26530447329590573,1.3162173642966268
13.600000000000001,5927.5388007853835,0.04856437344207337,-0.17634064882371248,-78.91198278568783,-0.24156914183095343,0.9319163268388416
13.65,6014.2287242360035,0.05328116771346767,-0.20566806280283706,-74.53969217411495,-0.22782061504685702,0.9329889522169217
13.700000000000001,6074.378670779426,0.057109712495521325,-0.1985769008131174,-66.95943609638812,-0.18292971834923677,0.8618244461580941
13.75,6179.701922261084,0.07098751398268302,-0.15313600020224594,-61.36281441536139,-0.08615378405460576,1.2119745835415232
13.8,6264.824372466879,0.07220982046101088,-0.11055666804940259,-50.44797494231211,-0.028848455673708032,0.9733344913320326
13.850000000000001,6324.375758784807,0.05230247157443352,-0.06561705742147217,-29.58776132995615,0.006254680717463606,0.8990924221265884
13.9,6420.8943863998575,0.0342817014015719,-0.03769817305401906,-9.09271168983333,0.033114083014552,1.1859988902662146
13.950000000000001,6493.467484063154,0.03500778432482874,-0.040988489048612776,1.887270567522348,0.04008187116265981,0.9960984212094105
14.0,6610.543649386568,0.04821494629087035,-0.03127983980871939,5.1902263016085834,0.05281297351092837,0.8908566768314304
14.05,6773.930599026051,0.049898937121258174,0.007567122478695782,7.6805550347237475,0.0571133947363941,1.286940097394915
14.100000000000001,6808.6076736792575,0.04888880944978241,0.02881438030759946,10.388833779987824,0.06065863830557707,0.9631386105659396
14.15,6937.533882256076,0.04873707120519909,0.023374255188799386,12.108370153824385,0.06031586718415738,1.1420832586637037
14.200000000000001,7006.328780377404,0.04212273377856953,0.02665181444492502,14.314970310316866,0.06090557087743686,1.020753387840546
14.25,7090.665157508459,0.05832787498289677,0.010061536402316829,15.49984176701857,0.06052485926658055,0.9264464566553877
14.3,7184.059999767569,0.06728278198687909,-0.028172136978188364,17.031611763623374,0.0588758231314489,1.1331333341081027
14.350000000000001,7238.031082488875,0.02582773890369149,-0.028713470392291798,19.387772410844853,0.058145381340516805,1.0591431006724044
14.4,7321.848125042714,-0.007645042843475142,0.0045097184444445795,18.969652048838313,0.0600539808560026,1.0766971658417093
14.450000000000001,7443.446766982477,-0.01819003192058945,0.029361475944297975,16.481948344788893,0.05678535954554775,1.06911149916403
14.5,7519.12431279026,-0.04875436565054468,0.03344511667865449,15.573347213047727,0.06649724253644801,0.9074954186017321
14.55,7378.692495624279,-0.07112219287816493,0.03255384210007672,16.539523940471845,0.0640394153691409,0.3768343300272329
14.600000000000001,7493.476664179879,-0.05876165544905669,0.03713892168510169,17.26927809548841,0.06516101178616429,0.5087456205792668
14.65,7344.969797255321,-0.05047163129027796,0.03937102635126619,16.83107893905781,0.05934763060415957,0.4725307279607016
14.700000000000001,7410.018984078847,-0.048510665150884175,0.033878278305300005,16.032120532109808,0.0672774580483462,0.22931567475360334
14.75,7361.916048891321,-0.043467739641930035,0.028412300032037527,15.725137030178256,0.08535724668860518,0.33739506111415163
14.8,7032.154323609224,-0.05336221010460032,0.03298359157393893,16.323600766482766,0.07976449305030159,0.17186743581298938
14.850000000000001,7119.621336884549,-0.055710250322563507,0.04030187489821384,17.98851396240817,0.07816694685946242,0.18657776298104417
14.9,7037.993942519839,-0.06184795689311633,0.046640074431261926,20.921855919268538,0.08859471587732175,0.21314232499498653
14.950000000000001,6889.700323175582,-0.08757173189798559,0.06337274163108418,24.208707837084596,0.09137469004004714,0.1501736688042602
15.0,6793.201144897852,-0.09870122278192152,0.0875982911456796,25.72023421701602,0.11696978128737981,0.20454177826794812
15.05,6639.47099587091,-0.09586246455581873,0.10428705604459138,26.105202343575478,0.11376815945777126,0.26989212756708514
15.100000000000001,6595.14868624974,-0.08583011796829901,0.1035932923733333,26.64729999108634,0.10988416642073982,0.19351741066229872
15.15,6378.7733581521225,-0.06157347713072037,0.095530735559783,28.388582125897884,0.12507288909582173,0.20931056772992337
15.200000000000001,6337.013918116469,-0.025834329607124097,0.09303874090255021,30.69109343725639,0.1569569969515645,0.25692752085918463
15.25,6219.628842789302,0.0031235080557071642,0.10175142399652462,33.909752830327065,0.16276505567693392,0.32321062591494987
15.3,6096.090567578599,0.0004742590732077761,0.13659617468958707,37.90057674095194,0.16601991126753307,0.34951408738260176
15.350000000000001,6017.135146489236,-0.02770251053706663,0.2251019825118097,37.200585287574725,0.1687586711849412,0.319290270880649
15.4,5914.031676402092,-0.058934473483528343,0.28597467792589104,36.05401621977805,0.1695994794746329,0.40180378345359463
15.450000000000001,5837.860536427765,-0.09039319539842472,0.21441242777268366,40.27677848337262,0.1870792054599069,0.4472922823988237
15.5,5734.711321019735,-0.11329743916112872,0.11066974943011731,43.696916110483606,0.19162977087525368,0.35304234847952803
15.55,5731.9495951964955,-0.1112485688420603,0.07813597445183519,45.441254255651685,0.19232795241408887,0.39465415754115746
15.600000000000001,5699.494789634995,-0.09884213561396275,0.0937199497045653,47.34926525493047,0.19877729406449204,0.40917535060834165
15.65,5594.707539884704,-0.07449905366736964,0.10982400252809395,48.319265852153606,0.1984169771912143,0.30422249631317994
15.700000000000001,5592.266595540636,-0.044926378613198634,0.10196671217698064,49.64315095030661,0.2118686969667737,0.3904704627187709
15.75,5535.790620301354,-0.04570597804863199,0.09185533412988936,51.19951502600871,0.21068782633258185,0.4564259893150773
15.8,5515.877335251799,-0.0526426225949734,0.08722450641149945,52.58646375601657,0.19095962901440933,0.43261459952038256
15.850000000000001,5499.482797220391,-0.05533230631328452,0.09214913506311681,52.74812165218188,0.1591874115084611,0.31760786718234973
15.9,5425.961323285816,-0.0670164054836497,0.10595057178340103,49.331270535515145,0.15228955025942686,0.402692112078015
15.950000000000001,5433.523809684039,-0.06539016601613494,0.11139634974971283,43.794098441865856,0.17592458146505388,0.3876623372253463
16.0,5360.681552644347,-0.05747638280981492,0.12473975463430162,42.48330461506501,0.2323684442172095,0.3583047064531781
16.05,5330.588262977979,-0.039308921392825186,0.1491990371772745,49.83439839250575,0.25012047525139547,0.42
16.1,5343.528366836849,-0.013725755609277608,0.1609205311261497,58.16705348269541,0.24858685650897072,0.3341489948945185
16.150000000000002,5269.184198919743,-0.005873602158406467,0.15738435617957972,60.070728185238806,0.25035096837872944,0.47643670299466406
16.2,5247.052982030436,-0.015676069278113255,0.14793404918169523,60.2646528395434,0.20551551794251682,0.40063578436523956
16.25,5218.240361186757,-0.04344333656304081,0.13198698398840436,59.106357217855575,0.1445119662462306,0.4618990970331088
16.3,5208.693218187642,-0.07005835720250818,0.11137851598253562,51.43066808691122,0.18499500655735543,0.457689272707861
16.35,5183.897992780885,-0.07694145712144418,0.08552812132203702,40.54719316916237,0.1199337924700852,0.4758084643150442
16.400000000000002,5171.9653253253255,-0.07821715476912493,0.06169317809207257,33.51975918105146,0.11827865135390647,0.4889597597597629
16.45,5192.1691416641415,-0.07913476505832022,0.054358891755375574,30.693030421184922,0.10038260854948405,0.457492575007575
16.5,5164.02764477814,-0.07067127264197119,0.05370520294886574,28.99767952911318,0.1350638328371454,0.45163714690134776
16.55,5170.42568477666,-0.06758900220674322,0.05171912616110904,29.373944066793456,0.13127105982217663,0.4573092263392117
16.6,5182.056310826103,-0.0749423441577787,0.06229951396040906,31.17573752013427,0.13780187025277257,0.46
16.650000000000002,5162.05231924254,-0.07165417542853823,0.08208067769958692,30.716626207573853,0.16002689503295742,0.47
16.7,5240.119755992121,-0.06255101877426528,0.08297101990502442,30.184992950845636,0.1558657279708265,0.5314670733464646
16.75,5291.71345761071,-0.06327695674953415,0.05106828562544372,31.142775925079025,0.1467303895374049,0.6570770810951205
16.8,5281.336460767948,-0.058624346838876136,0.035779325050030675,32.950026946312704,0.15044457987755894,0.6076797996661099
16.85,5345.087798311391,-0.02443814312395805,0.07929728192731407,35.15944394530425,0.14021270701433325,0.5462040030701971
16.900000000000002,5517.063717131322,0.008894096376137446,0.11453671865764706,35.366759557128375,0.13722658666919632,1.0879501829705167
16.95,5510.767860339353,0.014170937713073053,0.09188715425686964,33.70286746212366,0.12105899064773289,0.6880892569458209
17.0,5593.069172074449,0.02021913361942161,0.0555883231316395,31.09717177194944,0.10444519221212564,0.8231041859801754
17.05,5717.582675183896,0.05188277878460403,0.03618384075714701,29.597769212790553,0.100464521301424,0.8525984320557448
17.1,5818.373635077797,0.07829257286729217,0.024404891816282928,30.053764136912562,0.09381972476291964,1.1651209052333904
17.150000000000002,5893.789394066528,0.05378609706747557,0.025843936058971957,29.39540084284829,0.07170886550725225,0.95
17.2,5972.492209596408,0.030735295994530683,0.03586395482010517,25.886622371689704,0.07780385176503628,0.8245407330887322
17.25,6136.811441365436,0.048378505736676056,0.050942676189955044,21.23880283122829,0.07130741090529895,1.1704161528976573
17.3,6202.840107276954,0.056705703614217805,0.07421074301644696,20.414055179112538,0.07949721417696654,0.9165089933845874
17.35,6320.849005755899,0.04484457027686553,0.08060152971391464,23.693443255230473,0.0708443754424284,1.1411314943531352
17.400000000000002,6358.290396607636,0.029666960464359002,0.07408976219986961,24.66192822115966,0.09158704021195255,0.9606652531803416
17.45,6495.339866411985,0.020877664124798037,0.07458605023585027,21.691616050499924,0.09466296259592435,0.9873482660845369
17.5,6565.263536375031,0.023967783837331717,0.06890097741927398,20.568847966610896,0.09221545516150986,0.9017534848213529
17.55,6639.198632384039,0.018736564412623086,0.0452821131183188,23.531945851550454,0.09281365058775792,0.8457491452400248
17.6,6671.61267471346,0.008049407506817183,0.018775882406414604,25.334302112384997,0.10700951445673858,0.8108299827568701
17.650000000000002,6723.7773323772,-0.004869803043671504,0.01538032359743615,23.937285597368408,0.1283957826720623,0.8114823951236917
17.7,6788.599025291992,-0.028232611926900193,0.0382333875276249,26.113420634177185,0.15953959973496531,0.7497995126459958
17.75,6823.46495127169,-0.042236894839501514,0.050066614785230654,34.66027013866909,0.16648316750730402,0.7244158545281674
17.8,6823.32028707454,-0.03942852934537487,0.05249788642328767,41.48101778570128,0.1637504174652298,0.77867145124233
17.85,6832.777418418865,-0.016743865249024534,0.08265896033625014,42.4926923986801,0.18123983115766784,0.7675668220593048
17.900000000000002,6884.438644795708,0.0037491115012767656,0.12232840161491704,44.09054717282052,0.1754815608136007,0.6654677960035768
17.95,6915.529860038495,-0.0077574655991768885,0.14945097733876841,50.155532066028734,0.16380312863656463,0.6282337998716833
18.0,6915.0548529635835,-0.032444802792252786,0.16681018344941254,55.29814642169413,0.17708092304507905,0.6725278074051502
18.05,6908.762785343866,-0.0469821194841903,0.18424540774372297,56.28296129251626,0.1640373155354774,0.684124048853779
18.1,6935.399272753033,-0.0450869937547749,0.2073160454247518,55.33885851263192,0.15805916079341903,0.5720714732654026
18.150000000000002,6928.141085988961,-0.03718869621351992,0.2199508677233617,55.142759296823,0.1719109951866327,0.6441182125689924
18.2,6913.068990165564,-0.03873705021448766,0.20881905648687699,55.12654703410344,0.1329590281939142,0.630689901655642
18.25,6895.875964593736,-0.04193942197827061,0.18641157823306692,51.77386720108784,0.14166985178344405,0.6863810712664549
18.3,6883.359446849852,-0.03953823402012686,0.17714649078617406,46.4773595165249,0.1447550840632992,0.6599287813185859
18.35,6894.334174620459,-0.03423740422864637,0.175253079553857,42.635731510895795,0.1313826205950623,0.6647173147139904
18.400000000000002,6889.840932080923,-0.022669364256909935,0.15886736125310713,40.37711667403497,0.12711575135811187,0.6247423169556915
18.45,6875.706540296666,-0.01673161079918087,0.13271003265400352,37.75467905825182,0.13023979377987172,0.6778894154305585
18.5,6854.25294131858,-0.019527035313938037,0.11206173029231953,35.077729115139036,0.11560165980663019,0.6994941173628391
18.55,6880.820811123986,-0.007782434417499224,0.10686255101551644,33.7006753247531,0.12673746010710657,0.6402825801467769
18.6,6903.828936776153,0.004350935452150691,0.12182164166734735,33.68156512158201,0.1286599499793173,0.6155959939244369
18.650000000000002,6877.523226312768,-0.004719715534579755,0.13049851425636416,36.643785638397766,0.12651351480644055,0.68
18.7,6895.805917074402,-0.006511032711853817,0.12634513649980783,39.71040514088319,0.12199780840954537,0.675522450500704
18.75,6918.006481571056,0.0033218256824287893,0.13233271764405224,39.91611827653995,0.13252222797404373,0.5887094901809036
18.8,6949.867008439702,-0.0033346650934408285,0.14242949041584058,40.294022375955976,0.13067138345315024,0.5816864755527658
18.85,6931.038157332192,-0.027523503364771235,0.15532095164421314,41.84832880232436,0.1338553664142135,0.6319236853356156
18.900000000000002,6946.891921336456,-0.040601630701529036,0.17207346098327975,42.553380083445454,0.13312444377026364,0.5689192133645573
18.95,6943.907540208135,-0.0288816709745699,0.1789325105837426,41.19542261319407,0.12293250463142483,0.665538599810786
19.0,6939.506562756358,-0.015470306134893627,0.172009388628792,39.307536899506744,0.11038211964379492,0.6091060657240747
19.05,6931.781447672923,-0.008366520681916179,0.14766035417164028,38.43916816400959,0.1103213711259102,0.6351781949087189
19.1,6922.7591822407285,-0.012361377911978336,0.11865367691617291,37.70455884960232,0.1027216805826896,0.6508027258642373
19.150000000000002,6879.105653756021,-0.03606525902744874,0.11124500427261946,35.365438591670156,0.10400127846775463,0.714471731219898
19.200000000000003,6902.411132375481,-0.044354008449322094,0.11434916012773354,32.02194194124341,0.10897071582281102,0.6903289059003852
19.25,6905.04522971559,-0.02802508933107066,0.1180981280410757,30.882621290598603,0.10066194574169057,0.6809045943118044
19.3,6907.880166935408,-0.01538618845054894,0.11735589171183161,32.846605136419754,0.09811013866352951,0.7047189983875548
19.35,6892.0,-0.006230718914384724,0.09425747700315965,34.46939099622786,0.10321884847403687,0.72
19.400000000000002,6923.475285920864,-0.001846400582570842,0.07902913641006891,34.26597291889111,0.09411178787885699,0.670349809386091
19.450000000000003,6939.627760244304,-0.0055134508538989225,0.10163522658496976,34.321534572396146,0.09907470935114197,0.7362776024430415
19.5,6937.400185557445,-0.010053690985429046,0.1191586321928983,35.10371638304838,0.1010529972619083,0.7222854492036492
19.55,6951.976883848379,-0.010157539893423152,0.08155474346370462,35.13701487528371,0.09755566806988093,0.7041859301263507
19.6,6955.642211820785,-0.008402611976118229,0.03435305722345238,32.747765188827934,0.08058438579486822,0.7003252619811047
19.650000000000002,6999.6415377402745,-0.018775232362946193,0.036971403908961406,28.32784158491037,0.06322625580806464,0.7458492264416483
19.700000000000003,7034.255949975488,-0.01880220308417541,0.04550643690618895,24.76870944667487,0.0620224098780514,0.6945734167075196
19.75,7031.362980711919,-0.006248659257462397,0.015292651143690564,23.749459876138772,0.05644564571369183,0.6963701928808145
19.8,7066.708358868382,-0.01491284966148519,-0.005607395709602705,22.749230017687886,0.05730025649422718,0.8151733770398307
19.85,7094.214856984556,-0.011296306832814806,0.02224602897680394,20.47418164334333,0.05226693600109468,0.6955371424613901
19.900000000000002,7155.852139571797,0.008886498225238864,0.0527093807443518,19.970333671444926,0.05286755196298872,0.7981965824225203
19.950000000000003,7154.0210564886975,0.013341823967747968,0.051011425714031056,20.524352720251315,0.0407893583172704,0.7760411815463104
20.0,7205.088074442902,0.016822884822561043,0.04148808220054032,17.488133807715045,0.03670525207508796,0.9134740021222758
20.05,7287.600260345944,0.02061001761636557,0.033609334851481376,11.664565153478177,0.041779941136744866,0.8934398816268887
20.1,7295.28611303026,0.01716748124287246,0.027541927445260364,8.694898410812364,0.033644328864322316,0.8535694348486983
20.150000000000002,7303.647578605851,0.0018368518539784492,0.05251093571357129,9.439326150279268,0.046385024192135575,0.8657551887017478
20.200000000000003,7321.7686922854955,-0.02202579124978658,0.08379118092081138,10.981449785270685,0.06698032360760856,0.8406608791842988
20.25,7403.224559232911,-0.03588556200669363,0.08196279484419533,14.698035081718439,0.08339917242354118,0.8864831425920198
20.3,7441.147246188394,-0.02512709806715751,0.08247547248344532,20.940672575757134,0.07891193385623811,0.8950318520269521
20.35,7460.015338085981,0.0023830615959687124,0.10639405498032317,23.516407928991686,0.07957920352630192,1.079501836249719
20.400000000000002,7520.298104846877,0.012969449423468112,0.12572028006028332,21.914599467231938,0.09672914665761984,0.911595216257097
20.450000000000003,7579.6000963217175,0.006533345750169726,0.11191849191303756,22.230688338541913,0.09791238373438141,0.8396000963217174
20.5,7625.698766192976,0.0013330048042267206,0.09522423152261403,25.875162608435602,0.09190114918711273,1.0916866770175293
20.55,7643.2486795214845,-0.02521881444254629,0.12212843516063383,29.729097504456128,0.10489111648190387,0.93
20.6,7677.382115923792,-0.06453487856757019,0.1663168923450742,30.696060431471942,0.11563854165465594,0.7122898437947097
20.650000000000002,7697.255229738544,-0.07209990070791725,0.1845055231343143,31.184159723057498,0.11659335238173538,0.6636820062844682
20.700000000000003,7627.227057911365,-0.06948237961403493,0.1751677938979615,33.731280223482344,0.12052858669338533,0.5245519890260304
20.75,7667.3842965419235,-0.08239967206637167,0.15757707731584117,36.73789828098744,0.12116122940636843,0.6496506395073425
20.8,7583.5324771509595,-0.08764886975427932,0.13144675520490012,38.531666819098966,0.12409336437076061,0.47007217144657587
20.85,7558.08656485507,-0.08840634893131054,0.11868617952729116,39.35298514514436,0.13413268551802363,0.4971949930263365
20.900000000000002,7547.907321717601,-0.08145558151556201,0.14449001261662153,40.95766996748763,0.13822682765658317,0.49551523374274764
20.950000000000003,7471.457892279509,-0.053744396682123385,0.1767462287289938,41.89475011665921,0.13986956596837888,0.5181850570446858
21.0,7431.020497541013,-0.044185766410668695,0.1787462720743626,41.921422575165735,0.1518759041015425,0.3528696557418243
21.05,7387.997665926826,-0.06751822031411571,0.15207686193182193,44.29842145372346,0.14097592985386964,0.4581177060213307
21.1,7304.827345907236,-0.08298306974898063,0.14010164236644027,48.531278456471725,0.14130466463702274,0.4784054850938293
21.150000000000002,7266.091723033876,-0.060539218285389225,0.1696440662787324,49.62524175236261,0.1463386341394593,0.5145413848306176
21.200000000000003,7217.363606766494,-0.025546078057817383,0.2060219291949732,46.38901429642149,0.14052277599784932,0.5045457176311646
21.25,7211.917308496029,-0.03042095288735121,0.1875939668019883,43.29129363085188,0.12129632900260798,0.485596154994328
21.3,7149.768686674854,-0.06304224619133954,0.1313113746328686,42.16909347473968,0.10470637922886847,0.4782409809640771
21.35,7134.144437768636,-0.07155385796297006,0.10343124402025469,40.39091234131541,0.10994386811344489,0.5331180847622193
21.400000000000002,7099.183509638773,-0.057084990819769664,0.10390768367811769,37.09635876529403,0.10784846728890357,0.5618350963877266
21.450000000000003,7071.4812074125875,-0.04769690213532558,0.10799723552047985,35.46789633396048,0.09628778240189168,0.479251257721445
21.5,7058.838294269149,-0.04141766342565574,0.10593899828149689,36.33651418588497,0.09655940646008815,0.5664255389210993
21.55,7031.185516860143,-0.020952889570642865,0.10143373352027597,36.098068923514184,0.09442074148073512,0.53
21.6,6986.409477857927,-0.0100252169306307,0.09428204674982374,33.48987077374035,0.10195321125389528,0.5881800984092131
21.650000000000002,6963.44076369476,-0.02002652992175115,0.07084943869369423,31.161326790165617,0.09964721426126663,0.5851974543507988
21.700000000000003,6949.985699253963,-0.022775697626105443,0.0656409452193,30.88327951777507,0.11788921758423875,0.558865590429521
21.75,6931.318984870669,-0.021908397512740093,0.09410635723460131,31.795155359338086,0.12237646569368864,0.54
21.8,6887.404001002039,-0.019162291481356265,0.0996950998655361,32.16240902797141,0.12634432209135366,0.6191919979959213
21.85,6889.351969869074,-0.022691634176248043,0.08264467474451523,34.15118644139479,0.1702457803308236,0.5688157589525945
21.900000000000002,6893.037771505939,-0.03322086561049132,0.08095839451249158,40.832382581971615,0.17175208514661153,0.5753515322565291
21.950000000000003,6876.850428172693,-0.03567517495218522,0.08965586112670194,48.282947114498086,0.17615908611678646,0.5572496941623627
22.0,6828.622815465565,-0.03682790937302202,0.09778059852817292,51.19716958837749,0.17959111535761071,0.6390166071596355
22.05,6824.144984802431,-0.03214893305622702,0.1118892455426543,51.68509435148679,0.14530518318861085,0.6114498480243147
22.1,6833.1079506395445,-0.029321940603808525,0.13664475556378694,50.939055632442624,0.13357751886698768,0.5325188482560393
22.150000000000002,6851.574827011175,-0.02891186859786668,0.15560503436039333,48.215718680779986,0.13515192054322722,0.57
22.200000000000003,6815.391655863847,-0.028557219104122657,0.16242800322395043,45.362489621566155,0.1338741837834513,0.6196987262585792
22.25,6779.468161657151,-0.041592046125346574,0.16679593830725825,41.6592072097286,0.1260793541115548,0.64
22.3,6798.889073188021,-0.03526360969829237,0.1581834908475998,38.35303098494206,0.1253862213165557,0.5911105440368584
22.35,6804.695083452384,-0.0010570469508056016,0.12964616389773054,37.24687370618228,0.11993572553572765,0.5935774068782925
22.400000000000002,6794.476649168532,0.011388264912433495,0.10180578230604315,37.00013062790764,0.11439299695748209,0.5965109944568826
22.450000000000003,6784.454033317943,0.0018018568129605944,0.09719458753233308,36.92664082245129,0.10290007852930803,0.6328288518689528
22.5,6806.774838800772,0.0006308017257573586,0.11093964754470165,35.97956026407359,0.09670358560052524,0.5877814514990352
22.55,6835.292023299476,0.0009958968317897929,0.11719625156387811,33.59392117849804,0.08089773614999167,0.5570797670052476
22.6,6822.924376999685,-0.0116672927757463,0.11550656912144039,31.57869157141269,0.0825225944372315,0.6277313099905387
22.650000000000002,6804.085288320051,-0.03204085404128855,0.1295632370544295,29.63425780600037,0.07457250239982911,0.68
22.700000000000003,6801.897573640258,-0.0303962845189888,0.12776653077264588,26.54957227147692,0.06162178844465602,0.67
22.75,6873.901689148134,-0.008078702776469427,0.06666163591836492,23.5229187676267,0.06390124134431255,0.8066101591930975
22.8,6839.298764043654,-0.008715911978505518,0.0016081879371354982,21.67351612028434,0.05601808037666723,0.7011950561746169
22.85,6928.617021682603,-0.028101654260292843,-0.0009944760820372947,19.896683083982854,0.06908484669791398,1.146121508479815
22.900000000000002,6899.157015716723,-0.041900491219497224,0.026578976169425606,18.941005902294684,0.11042974497062556,0.8640315281196669
22.950000000000003,6866.167258968307,-0.07874961646137135,0.021989922544702008,21.76047244308203,0.08997022019166627,0.49821188754241835
23.0,6254.525276058396,-0.1512676989331222,-0.0013414123296957535,26.202667217096483,0.11090183303900254,-0.1608849032934008
23.05,6343.43907174814,-0.2169864174279366,-0.00749024193736809,27.63846873942123,0.07809170372217066,-0.38974852029758206
23.1,6175.83061602482,-0.23860395886751046,-0.007977958884285045,23.950283676684904,-0.016229149271552994,-0.32018877636927745
23.150000000000002,5872.181987165259,-0.20595933388252075,-0.025910950496405037,12.743840057821858,-0.010809081136706589,-0.2510705908386769
23.200000000000003,5687.131688005978,-0.1637975158771674,-0.04990464591865047,-2.5263431578257705,-0.08953209768091924,-0.13465102179105548
23.25,5363.688581402408,-0.15133957676498805,-0.04419969457146789,-12.300511710885047,-0.14475082653218083,-0.13211575432560962
23.3,5111.854550056037,-0.13955299051039963,-0.03764162850368673,-18.952462632496903,-0.13991852622189627,-0.10269091434975669
23.35,4925.361375083145,-0.11773955742955369,-0.02156820526735502,-25.240093808390444,-0.12257107135829963,0.014096407868480694
23.400000000000002,4746.076093452221,-0.10128518427298033,0.03443197742438195,-27.172521017426327,-0.07386740225069355,0.049592922852505585
23.450000000000003,4523.934368006886,-0.09790437006296018,0.05212889443558901,-24.39013662558435,0.2854753936859821,0.025326788421279153
23.5,4307.548496495591,-0.10291245524280049,0.0429240810646549,-9.7625781735565,0.3600000143051147,0.07429941573354593
23.55,4118.858178744031,-0.09379911994040396,0.0749709702819065,18.43774993429083,0.3600000143051147,0.04
23.6,4008.1952372378614,-0.07691384806470847,0.09984569124687387,43.77466916686279,0.3600000143051147,0.07120490490585066
23.650000000000002,3953.4374251461595,-0.07138780140498618,0.09802464071015084,53.55796005952068,0.3600000143051147,0.0640199374003457
23.700000000000003,3775.0092901352173,-0.06680253403207455,0.10023694675661392,53.61495839319939,0.3600000143051147,0.21645965866445005
23.75,3582.13741223671,-0.04915652045582807,0.10733600100844443,53.59723343251828,0.3600000143051147,0.29660123226823326
23.8,3476.2632183042933,-0.025960319814995938,0.10959350760642521,52.72772116274846,0.3600000143051147,0.3245264366085868
23.85,3436.0301203260424,-0.009322018207655897,0.097977491052155,50.870451368763845,0.3600000143051147,0.31871234959244693
23.900000000000002,3408.6383237531886,-0.0008891081374773008,0.08400060645123125,50.36466563333425,0.3600000143051147,0.32042554916879235
23.950000000000003,3423.1785415827335,-0.0010178192985874624,0.07592332259181979,49.902322181056945,0.3600000143051147,0.32
24.0,3368.0183114258034,-0.011405369684531385,0.07515464450687329,49.74329080027003,0.3600000143051147,0.3788685428602184
24.05,3336.09019084218,-0.022407969483994098,0.08572737701638679,50.05843101716137,0.3600000143051147,0.4
24.1,3342.558262953123,-0.02326453211099864,0.09640304410715131,49.639667183695664,0.3600000143051147,0.3707795359650766
24.150000000000002,3375.2188446438595,-0.02068042799911015,0.08572114700459948,49.18136596318111,0.3600000143051147,0.355312394840156
24.200000000000003,3334.548434459787,-0.026932685582419746,0.06714931552896067,49.66878463782614,0.3600000143051147,0.42862891385053176
24.25,3273.0,-0.04312701690592807,0.06493245363972275,49.07846902178225,0.3600000143051147,0.47
24.3,3323.4168339336306,-0.04316403216945035,0.055391296583294544,46.41170488413965,0.3600000143051147,0.39095949458567847
24.35,3399.47363018581,-0.021144311418739563,0.0474546579803754,44.5893361088669,0.3600000143051147,0.36368150929050397
24.400000000000002,3375.643510125359,-0.017375309459835193,0.07705246899998301,46.01396401908503,0.3600000143051147,0.43865935390550204
24.450000000000003,3335.9730646119633,-0.036264678341406426,0.11008072889143294,47.954514514453024,0.3600000143051147,0.468494470319895
24.5,3363.200157419264,-0.047071825884757335,0.11784328177243764,47.830334544109945,0.3600000143051147,0.4021329135486297
24.55,3449.0,-0.04198228631885709,0.11977656187935246,49.52074088710667,0.3600000143051147,0.5653070467393844
24.6,3448.977683987121,-0.027568184498327562,0.10354104455862861,51.90166364939489,0.3600000143051147,0.5395536797424255
24.650000000000002,3496.9160802956603,-0.024558376515458183,0.07192875768816459,51.309533941039376,0.3600000143051147,0.5516030151571844
24.700000000000003,3577.087222483969,-0.04480366986062896,0.07847284626936407,50.246345723526716,0.3600000143051147,0.49171512360220493
24.75,3595.596001000941,-0.05811631491482934,0.1050050503568045,51.07836733280112,0.3600000143051147,0.51
24.8,3615.053899127061,-0.04570441759382567,0.09982976051096837,52.93429790613533,0.3600000143051147,0.5286525218234742
24.85,3830.337494751576,-0.03329714966386298,0.10694685927973996,53.68373039636329,0.3600000143051147,0.7063409377186761
24.900000000000002,3865.7707505346066,-0.02784467867417542,0.1375755165883248,54.97255936526216,0.3600000143051147,0.66
24.950000000000003,3852.490414499405,-0.010079003951516233,0.12690971948214164,56.95515106806649,0.3600000143051147,0.6937579879171628
25.0,3995.1661682624476,0.017246889065008472,0.10534415972999336,58.15355826228559,0.3600000143051147,0.6703432333862795
25.05,4116.260962176404,0.03241694938049691,0.10984684796735808,60.445049321407,0.3600000143051147,0.8828182150056265
25.1,4121.087326246934,0.02276799149715565,0.10713654864858843,63.438488260462435,0.3600000143051147,0.8408732624693362
25.150000000000002,4236.676638531769,0.012233060314098005,0.09919870468384215,63.83086521516843,0.3600000143051147,0.7279871790305827
25.200000000000003,4551.006484167721,0.015424690730834096,0.09589104743919741,63.01823205853432,0.3600000143051147,1.2313409412768679
25.25,4493.728649346921,0.014514535395705293,0.09130528984033352,64.9398730439118,0.3600000143051147,0.9352540548299124
25.3,4614.940239943881,0.017913386157115442,0.08178212804283774,68.76442978283455,0.3600000143051147,1.0556516176593056
25.35,4768.746659732102,0.029707600520128583,0.08499375693845794,71.57277708009644,0.3600000143051147,1.0166306493726984
25.400000000000002,4874.962680537884,0.035573438438539134,0.11232336593748028,73.5996612011905,0.3600000143051147,0.9336635050633573
25.450000000000003,5060.3717997458,0.026933902757975636,0.15536999724799958,75.19404818555806,0.35879798765025167,1.1820343552845851
25.5,5132.513320927275,0.016955424125381657,0.19700961033447376,76.08071604045055,0.31042414393774187,1.0764890543030008
25.55,5271.768823160252,0.03258756388167187,0.21285596504798782,76.72153311853512,0.11871843128251464,0.8840524161641506
25.6,5446.60272537149,0.058996314559887714,0.18506266898816986,73.90694809627854,-0.303594063971809,1.23
25.650000000000002,5497.1177508393,0.09411535549257324,0.10807924746175965,60.17988310254172,-0.3600000143051147,1.025044176932465
25.700000000000003,5751.790893135988,0.11095046007661916,0.028617913694669327,28.110835567569243,-0.3600000143051147,1.5459696437866277
25.75,5774.491092268851,0.0662458334819638,-0.027005054854171706,-15.105216894670624,-0.3600000143051147,1.1413452103081978
25.8,5918.147166311328,0.02851672581357485,-0.08566457472608141,-54.101829184515736,-0.3600000143051147,0.9364319734036798
25.85,5986.95546858777,0.024468765459019617,-0.16570751116879426,-81.41916107826397,-0.3600000143051147,0.9597223775218392
25.900000000000002,6003.64096378644,0.01984820104086431,-0.23669309447515952,-94.52274813593476,-0.3600000143051147,1.02
25.950000000000003,6041.065301299729,0.026979157816540804,-0.26898060315528377,-98.77014558290747,-0.3600000143051147,0.9371737859095015
26.0,6111.64260594862,0.029551155740335358,-0.2768383955507473,-100.31691022129766,-0.3600000143051147,0.8603573940513799
26.05,6111.787653360192,0.008401578928711248,-0.27094252215965847,-98.17350798641186,-0.3600000143051147,0.924892418970881
26.1,6225.659461810481,-0.012530348051961702,-0.263818858602031,-96.0275156704516,-0.3600000143051147,1.2745513889676912
26.150000000000002,6185.252501867065,-0.013108955550915138,-0.26803657787544116,-98.43644665210077,-0.3600000143051147,1.1893937640029837
26.200000000000003,6327.346569264897,0.006474901149707678,-0.2775570407608403,-100.05245179524161,-0.3600000143051147,0.8673284632448672
26.25,6329.891738359878,-0.003889236184745057,-0.26789684386208074,-97.22919846553117,-0.3600000143051147,1.3647586295935492
26.3,6378.36597469192,-0.042475460445124374,-0.25268068660177534,-93.90123390597947,-0.3600000143051147,1.2447551898105969
26.35,6445.35390849393,-0.034236574452423923,-0.23924324201150468,-94.93433595890545,-0.3600000143051147,1.110739413874884
26.400000000000002,6497.89820022497,0.002836948850019099,-0.2211620014762885,-100.01735001126588,-0.07930776887297314,1.1880239970003958
26.450000000000003,6608.553736831032,0.046072166600399346,-0.21245009239849655,-97.86344835967068,0.15691905451815905,1.3136156579224196
26.5,6656.8982040913415,0.08219341076546659,-0.18463645829345032,-74.16913342188087,0.2733141996616112,1.2276247621313034
26.55,6803.015182695385,0.07616571819821641,-0.11465512505450243,-31.525507631349143,0.3461779049527151,1.6317505144738536
26.6,6870.333907998149,0.04707842416983869,-0.006190144483517859,14.00468476362314,0.3600000143051147,1.172665747202962
26.650000000000002,7014.538190364284,0.027195958362382075,0.12506685150629904,55.020818417537086,0.3600000143051147,1.0423078730904778
26.700000000000003,7067.262147682275,0.03371182768642254,0.24066314548520282,87.22576720065868,0.3600000143051147,1.0977864430468247
26.75,7071.809870646766,0.05624355336209137,0.3186531867910534,102.31611057675258,0.3600000143051147,1.1238025870646766
26.8,7123.562789988507,0.05382935830131075,0.3539632749817743,104.73832218423829,0.3600000143051147,1.455001008655676
26.85,7217.813743154502,0.00542106945413362,0.33873467521854816,106.0507607040957,0.3600000143051147,1.19
26.900000000000002,7294.373061835915,-0.025305370478463977,0.3041848873121664,108.01655492594043,0.3600000143051147,1.4422934508017011
26.950000000000003,7367.950887389006,-0.017798926577455645,0.3122687665245036,109.30816136587099,0.3600000143051147,1.2360658277087733
27.0,7426.82848806366,-0.036240572817634285,0.3489602836577252,109.48620165440124,0.3600000143051147,1.162067374005305
27.05,7416.7532477259265,-0.044521818827442716,0.3396724943965617,108.54071230976888,0.3600000143051147,0.4843860547710335
27.1,7436.888498733186,-0.04668530650986454,0.3114560757650937,108.64568771885322,0.3600000143051147,0.7306736371314025
27.150000000000002,7345.693834373159,-0.09893886641353963,0.3333932216758614,108.02888693072836,0.358958632782739,0.43763429381996827
27.200000000000003,7264.110998695255,-0.14056396737060428,0.36298029416268274,105.10751845316119,0.21623724658323817,0.6000831368599532
27.25,7147.584119562494,-0.1538264247222873,0.32634205441034925,97.16755892167535,-0.19188334534229548,0.31940588508927825
27.3,7018.315161977781,-0.14727787162841446,0.22945205339634664,77.69214790161556,-0.3157437668936686,0.2
27.35,6825.070909973963,-0.11436450910594793,0.10532641012456208,43.2752381244166,-0.3600000143051147,0.22261614715000896
27.400000000000002,6752.914542473881,-0.10334336685497476,-0.021255239475288693,-1.7883588826227346,-0.3600000143051147,0.30616482188372673
27.450000000000003,6574.733768554305,-0.11837868580968493,-0.116119170904049,-45.28698548967397,-0.3600000143051147,0.43
27.5,6481.809675281644,-0.12548714293639807,-0.1763899826416266,-78.95223053002385,-0.3600000143051147,0.443441351888668
27.55,6355.742471498332,-0.1153782589927585,-0.23424496207876538,-96.7922928359641,-0.3600000143051147,0.5614141171803426
27.6,6255.24790860512,-0.0913845777249245,-0.27831075393699856,-97.4134240886122,-0.3600000143051147,0.6177166758798629
27.650000000000002,6179.461269489685,-0.06824006032688415,-0.2814738239523612,-92.97766049916461,-0.3600000143051147,0.5443528240608029
27.700000000000003,6068.9564926704115,-0.05882200613647663,-0.2805754711884936,-92.29405615432015,-0.3600000143051147,0.6413924896937375
27.75,5995.72161499535,-0.06314982997733716,-0.2725432307777624,-89.98742061949287,-0.3382427988076576,0.5811354001859925
27.8,5906.377064556138,-0.05451833853874195,-0.23109345699421832,-84.92497589608891,-0.29005504040145463,0.7168604807749124
27.85,5766.733677833216,-0.009908193217595316,-0.18122043318598613,-78.74194693628584,-0.09895810266281949,0.6487013917545099
27.900000000000002,5812.375184970051,0.02323054089344331,-0.11545928595601246,-64.33123971834613,0.3365074352837176,0.5881240751497427
27.950000000000003,5708.6432418763325,0.012623630424895236,-0.032962241211373214,-35.83031753730853,0.3600000143051147,0.6229096472372838
28.0,5679.459988995479,-0.011618050431830142,0.03227479023042258,4.20283676440555,0.3600000143051147,0.6166375206334777
28.05,5643.56523528736,-0.03900437003148379,0.09532787906163097,44.536816881484555,0.3600000143051147,0.6287536470498137
28.1,5604.454809413325,-0.057728528045419586,0.15428220961859063,71.96413607631894,0.3600000143051147,0.6629862588190707
28.150000000000002,5621.637986556192,-0.04464924084774845,0.17559794947635418,80.60033759089345,0.3600000143051147,0.43106675003906686
28.200000000000003,5547.909829756084,-0.022684606023461958,0.18329458432475046,79.70158453296116,0.3600000143051147,0.6541128662841647
28.25,5568.330347573113,-0.013659394010294871,0.18923952898221752,79.01585402746198,0.3600000143051147,0.4034052978104425
28.3,5542.295414201182,-0.0056114266348997665,0.1780980083650116,78.91898280960976,0.3600000143051147,0.5778961961115833
28.35,5506.210074434147,-0.008846975613223099,0.1731124188375574,79.40951275540006,0.3600000143051147,0.4860503721707329
28.400000000000002,5452.81580722523,-0.03340199494171349,0.19344329013944023,78.52243989037638,0.3600000143051147,0.5673777624903336
28.450000000000003,5461.90994772448,-0.07494837194390286,0.22660715406183346,75.3577190385144,0.3600000143051147,0.46167373923738975
28.5,5435.7931352059795,-0.10329048613879743,0.2322428756904965,74.53875643830702,0.3600000143051147,0.5356530055612625
28.55,5358.378436846891,-0.08626345439114813,0.20333654936535508,76.99475048567965,0.3600000143051147,0.5727062108134813
28.6,5390.805770445417,-0.05967519384025871,0.20489609736846032,78.30168606311497,0.3600000143051147,0.46149278694322887
28.650000000000002,5286.256805629349,-0.06676057054850378,0.2369070830596542,79.37977695798031,0.3600000143051147,0.6383324155032956
28.700000000000003,5295.712532099484,-0.07991189015556373,0.23310389540110205,78.5581854475314,0.3600000143051147,0.5038976980913782
28.75,5291.765543548784,-0.0636907541050408,0.19695481216479777,74.9519205088614,0.3600000143051147,0.5284070519274224
28.8,5239.84255899705,-0.050766629520126574,0.18115636937652282,75.02778291315829,0.3600000143051147,0.5915744100294974
28.85,5269.6618276612535,-0.07106769674705914,0.19705203657480957,77.47691391040088,0.3600000143051147,0.5393526893549867
28.900000000000002,5205.12826802844,-0.07971902052977124,0.2069238240248588,78.10756290779412,0.3600000143051147,0.6488992507039608
28.950000000000003,5201.81667520098,-0.03773977986392757,0.19444081011547565,77.41592271541796,0.3600000143051147,0.5911274258794689
29.0,5146.696164838976,-0.004744729283782796,0.17797599614211063,74.90986523526456,0.3600000143051147,0.7094644885854031
29.05,5182.814637049736,-0.024619764792014574,0.17627217730559602,71.30322515750868,0.3600000143051147,0.5675929814537032
29.1,5222.782819750707,-0.04540045144699529,0.181542345265286,70.60609669241445,0.3600000143051147,0.537204215176047
29.150000000000002,5141.248911250931,-0.031166427018760004,0.15372424866339068,72.74547326115012,0.3600000143051147,0.711664247224292
29.200000000000003,5196.984927985355,-0.0037377933458195307,0.12166757876697523,74.03674135762405,0.3600000143051147,0.5333584533577421
29.25,5164.176274575141,0.010428345869214518,0.1333350855227757,75.29292308561679,0.3600000143051147,0.6503365544818394
29.3,5137.59564735564,0.0033685661262403462,0.15557824935617776,77.09237345956774,0.3583497390272956,0.6433704463464647
29.35,5191.774097352846,-0.025184180709370653,0.16866374754013405,75.81704766848065,0.29722213462598446,0.5578072211772289
29.400000000000002,5172.0328947211165,-0.0443954831038573,0.16936617985101526,71.44547334336968,0.1315698247811047,0.6493421055776676
29.450000000000003,5196.691240458017,-0.02437689370935517,0.13185553595230254,60.11331187229138,0.05115959021693568,0.7068010973282344
29.5,5197.093112790531,0.005712337403564606,0.04136466714688779,36.43465296511303,-0.03689526529787182,0.6506207519368792
29.55,5251.592634195307,0.009900677111276995,-0.049352620414964424,9.924006234504322,-0.050680764338774206,0.885308780651024
29.6,5326.312552751547,0.012337386826919839,-0.09956652847092287,-8.298488060791755,-0.07415754063417146,0.7315276605521184
29.650000000000002,5468.40410391162,0.03588787055607084,-0.12223717076720633,-17.336343296567943,-0.07975847419429301,1.0516822932218306
29.700000000000003,5583.899136662421,0.0542839526330918,-0.12041704956325641,-19.767623220691036,-0.05024543397860676,0.7710007848523438
29.75,5710.952577565632,0.05408228110158986,-0.11378311368348346,-19.094718885711345,-0.04870444425264075,1.09
29.8,5787.392180543717,0.039047991263993456,-0.08761268713612502,-18.23638497377469,0.010816521817658539,0.8832156389125664
29.85,5959.419374597878,0.028062547961250437,-0.0516634778568668,-14.251031547409571,0.019345502194664934,1.0258818942221486
29.900000000000002,6048.1201324349495,0.037708583173413426,-0.03550132015590934,-6.071392506260833,0.04794708865297896,0.9055997908921856
29.950000000000003,6156.695955085774,0.051098145019378496,0.020579506691510138,2.118062565332796,0.054997204662751424,0.8193567640686191
30.0,6297.710549438223,0.048212980538897166,0.08700637953012635,9.980090763350791,0.06346579915298302,1.1810429791927612
30.05,6332.803454808081,0.03353966820260952,0.08829073117264431,14.504200855189929,0.0659868298904501,0.9314438682484417
30.1,6429.169229160329,0.03844455269765716,0.06641625693594672,14.591220761238732,0.0744546101298654,0.8450059134469138
30.150000000000002,6537.2637453302,0.06337210113183131,0.04344931523642673,15.100494845735739,0.06855118385855344,1.064434501137765
30.200000000000003,6592.097084176061,0.061597462573232856,0.02522229030235397,17.194759122312988,0.07868206730521743,0.9296886497158832
30.25,6649.337718783037,0.043529048201203735,0.03983743157327637,19.795483918869486,0.07394785341037446,0.8621132385762951
30.3,6747.382581378767,0.03397337572122982,0.06579201566277301,21.265872279656175,0.10919584150231158,0.9474583421666345
30.35,6775.6902057771285,0.02086665285054313,0.05900588078078499,22.72350198130226,0.115510851144889,0.8289293826686132
30.400000000000002,6832.324878025276,0.018272778342459613,0.042602055657290916,26.177825663345473,0.1258519247501515,0.7892498644725293
30.450000000000003,6859.039939884167,0.021952243696800502,0.0682096979983381,30.17265777946646,0.12240076857192506,0.8036726726219706
30.5,6881.866583824215,0.013192087658100544,0.09524535093595332,33.19103591764904,0.15304846086867863,0.7908894411719021
30.55,6913.191636703651,0.003288962934599746,0.08279918048205537,35.88386318509855,0.1585742182378449,0.7287424787206348
30.6,6951.056743865862,-0.004205140446902672,0.07503400236294622,39.76733455443829,0.16123249597123818,0.7004716280670691
30.650000000000002,6955.972640427974,-0.02421774537605478,0.10874701340938614,43.530658490814616,0.17299582307948905,0.7288354986625836
30.700000000000003,6971.507351181399,-0.031591288963332936,0.1527411647866853,46.933671996852695,0.19614396972890685,0.6964600764917097
30.75,6989.00422336931,-0.005224364362964874,0.1777057094963022,52.49523384350068,0.18340900901861162,0.6430509331119374
30.8,7012.316492462658,0.00948419018226217,0.18280682078667992,58.62164731537368,0.18830360744805696,0.6226263065300652
30.85,7003.004191232817,-0.008257711925951615,0.14779942803970403,62.06214439246844,0.1798298475583908,0.6559664701374625
30.900000000000002,6999.17564848746,-0.016562133199414568,0.10184843949454311,62.54702408878671,0.1541562527412053,0.6396487030250784
30.950000000000003,6973.891064582154,-0.002397343161463463,0.0815459907966749,57.82387589825183,0.14325233008281488,0.6557321392537655
31.0,6976.172377234832,0.002407748645958446,0.08909841670184625,49.27320836451237,0.1223786478107858,0.63
31.05,6972.063276512984,-0.02517773634161211,0.13109162094841476,44.0812209666244,0.12687006486994035,0.6326763528200446
31.1,6955.273268323859,-0.05343053084589105,0.16644090431307054,41.85198718307184,0.11167500028147073,0.6752907317923424
31.150000000000002,6942.18568180805,-0.05467475268250756,0.16372584603134926,37.742739908444534,0.10866261390911396,0.67
31.200000000000003,6941.0,-0.05510883435248506,0.15118012025944877,32.37339373249385,0.1088329253205892,0.64
31.25,6953.0,-0.049475149930107085,0.14089074762301435,29.85014613024955,0.10169897391045671,0.6153744815233786
31.3,6935.595370695097,-0.036737492609805605,0.11777305167582032,30.10553615288149,0.10176021821812242,0.66
31.35,6930.0791863883205,-0.02928875457114959,0.0912533870941273,29.336414184433632,0.11588100838754017,0.6730693787055974
31.400000000000002,6937.375445409973,-0.023451216160081674,0.07609478493755045,28.3582082309152,0.12761329430881382,0.6208327394533698
31.450000000000003,6967.324925757282,-0.01412810807391311,0.06780208212143943,30.990888373095363,0.12383252082392837,0.602211443278566
31.5,6951.421235136724,-0.0027281776621939794,0.07098052148964074,36.19979795506271,0.12331326722958051,0.6450320962768319
31.55,6966.336069366918,-0.014313634586547526,0.08306627213172962,39.32884057874011,0.1349114779837315,0.6078189494776034
31.6,6975.552750916973,-0.03651985582377883,0.08549313653184021,39.80343820877499,0.14689911085442536,0.5909583908922
31.650000000000002,6998.89996888538,-0.05401620383304342,0.06776006429304121,41.285645104273485,0.14552362032950114,0.57
31.700000000000003,6991.963213982913,-0.0711181308410775,0.046330224007521,44.04109779833047,0.13563635542369015,0.6481606991456415
31.75,6968.290216589553,-0.061224304497298924,0.054198549440647746,45.030238312439934,0.13345576107604376,0.62
31.8,6952.189586483622,-0.030302988039317847,0.08859554759630132,43.94246374894628,0.12240571804867721,0.6309479324181113
31.85,6955.949061016058,-0.01412818447801498,0.12337928744229064,41.54937628211866,0.1175468480543462,0.619183525425348
31.900000000000002,6947.293435622235,-0.007145461857831081,0.13765818018503995,38.92654699875884,0.11465369657355089,0.6250748082083091
31.950000000000003,6921.087144310145,-0.009341679998566537,0.1430337210080213,38.246497839313264,0.11220186282856809,0.6691285568985529
32.0,6898.50791741832,-0.01764837830062105,0.16930184992649464,37.74902008613829,0.11571778206517304,0.7000226211952009
32.050000000000004,6912.47871089384,0.0008271094521251077,0.2046805857789768,35.84062974558182,0.10894126506508325,0.6910425782123211
32.1,6941.572451180278,0.01644820751281561,0.20181058521664502,35.68237974299241,0.10588124324524593,0.6624826935995164
32.15,6914.978308256081,0.009300322318105191,0.17142528937520152,38.10603000512234,0.0999998535457596,0.7015835124565635
32.2,6915.288908966065,0.004026781644002125,0.16648825604937303,38.848269283151225,0.10705833660108441,0.6904815149434411
32.25,6932.0403784362725,-0.010178949435370392,0.16236595914155488,36.436281753884614,0.10077673792587061,0.6535262406283471
32.300000000000004,6966.051209212138,-0.015193948341313138,0.1251608639369667,34.150346463609495,0.08958029322415956,0.7251209212138302
32.35,6960.576916192318,-0.006063279964251678,0.07707532490284286,32.90067254022017,0.07984733948251012,0.7214614971539061
32.4,6979.141476841304,-0.004644526630836554,0.053846310869716585,30.603272280436443,0.06153557603911752,0.6945659073652161
32.45,7014.171348730173,0.002555428687849564,0.06290855467591143,25.890925691459692,0.05728727307126828,0.7609390036280779
32.5,7031.494314451843,0.012021551835047809,0.07397151711646205,19.95987314768475,0.05101833185136367,0.6628093641564288
32.550000000000004,7075.373844394971,0.008923360948353574,0.05829213929959452,17.29807372865391,0.053116678988422344,0.7591589626331351
32.6,7095.911805673904,-0.01092005948757405,0.04434962763627362,18.7555835947529,0.05381255540768039,0.7335277730438411
32.65,7098.82430998043,-0.027991774738182956,0.06389513884383748,18.94177843857404,0.05274063248128605,0.7417569001956928
32.7,7194.544919966113,-0.0164912940496669,0.0691081119274718,16.44145347201538,0.04661113453886677,0.9821771772817661
32.75,7222.258678839957,-0.004683685175760676,0.04543523011587265,13.905030901137462,0.0541464878388608,0.8
32.800000000000004,7250.430459414429,-0.00414549595109668,0.039301958279829394,12.618862102440497,0.03453905786912171,0.7542880742680357
32.85,7289.424388561095,0.011092923637052197,0.03497470387976803,11.621493904638012,0.04566003901356934,1.007234345260741
32.9,7394.644231188651,0.024363014573166062,0.007905742596799985,9.06127062076176,0.04287555964390954,1.119456100811803
32.95,7377.034284156729,0.01993235665688539,-0.003533542195829786,8.421264437710445,0.05719050681072986,0.896438105621809
33.0,7417.895563643065,0.021007545485387722,0.0006994259798949848,13.030872281172625,0.06435906051530654,0.857304556133966
33.050000000000004,7431.035718073515,0.036950215968156896,0.003391447614907717,18.15808369544603,0.09085791127618803,0.8902714149353445
33.1,7529.6878742515,0.03857598158406454,0.038170507820315065,21.127807657592513,0.09956748689749155,1.1220167997338903
33.15,7549.910895613889,0.03147053627423347,0.09174525306496369,25.373044508860403,0.11582414756556542,0.9104455219305557
33.2,7582.196625645098,0.026149968689398402,0.11023121005363115,30.088782918514916,0.10872918477420318,1.0331621391708683
33.25,7628.492687161177,-0.016692675964171344,0.1118534285829977,31.277867318786555,0.10834362165510858,0.9457596999525034
33.300000000000004,7573.153512681367,-0.06667186484193309,0.1221540195922311,31.683420416157517,0.11286154612648976,0.6458595687664092
33.35,7688.4238998470055,-0.0735451567643893,0.12776050826201626,34.530546498329045,0.1174067542927301,0.7559850625956217
33.4,7595.853597698978,-0.06736828318616217,0.1388420609230161,36.2913735455298,0.11859501916535428,0.506029776499432
33.45,7655.8857896749505,-0.06731817452613569,0.14767436418915608,37.01913463450427,0.1464611756872363,0.6225719311663342
33.5,7644.7370363432,-0.06815621710704527,0.1544615665334454,41.228089337466784,0.15208844629007404,0.6109679655301611
33.550000000000004,7623.307623170471,-0.07202368908787861,0.1817921683205524,46.52849770522036,0.12564476426632606,0.53
33.6,7578.689892935233,-0.06292022703421324,0.19515152668134036,47.66772509584273,0.12601647823413545,0.558028877327907
33.65,7527.652479546882,-0.05759950524699547,0.18302081260235592,45.5986452846104,0.12254345313415287,0.43008464443045474
33.7,7477.270565795439,-0.08170743497555137,0.18032424432771846,43.656328924651,0.11930406460904149,0.3521096842423417
33.75,7411.902293312777,-0.09007963595152693,0.1725471130804817,42.1997119026821,0.09463446348029345,0.44319714781268066
33.800000000000004,7381.938619339773,-0.06632338916576719,0.148703485191586,39.755915148191285,0.11520649511646942,0.4574642413520617
33.85,7319.0,-0.03948582277507445,0.13203664670001647,37.392502045915094,0.1093740538703204,0.49737708680630693
33.9,7281.534087181097,-0.03132042726651277,0.11689852019851885,37.39114765119716,0.11376541999027288,0.4179058388301379
33.95,7216.702043846306,-0.05843499861208056,0.1076767789221369,37.83401767810141,0.11838864378438564,0.5412979561536939
34.0,7158.611374919059,-0.0856220138732215,0.11401553676843594,35.94985992243653,0.1234351444583532,0.43996654435570903
34.050000000000004,7145.409542569494,-0.07505265088751985,0.11077739581348511,33.49497977531266,0.13137661171993725,0.5321570584372771
34.1,7125.948423483174,-0.04776989699531772,0.09093732845857261,33.78773968880563,0.13217578044698977,0.41
34.15,7112.82379645797,-0.04039604039642276,0.06991317862910791,36.780949517373756,0.11228107927788614,0.4976462958343698
34.2,7065.646790344049,-0.03752785835499883,0.06763438464530591,39.01030387230261,0.12337403383353028,0.5394120087781377
34.25,7015.610697083703,-0.019896394204028747,0.09588883962607472,38.69626153066395,0.11654478606356497,0.5548855766696221
34.300000000000004,7025.969423189056,-0.015947625740289857,0.13041141904288683,37.8365697018459,0.0892125177633181,0.49867805928765024
34.35,7004.161370985124,-0.018954259897593875,0.1421330812784462,36.878846311867264,0.09923211623727426,0.5562673195167261
34.4,6914.855274044056,-0.023288795695497008,0.1289952635646653,34.7719993028434,0.09634295911773728,0.5808245662418029
34.45,6910.338841186231,-0.0336564055694584,0.09557661225554277,31.74372303233618,0.11828579810026475,0.615559227457487
34.5,6937.1309776607495,-0.028445266907042594,0.06531718730224559,29.953111389424265,0.11767905474752922,0.5113097766074918
34.550000000000004,6916.540326630164,-0.027323748978971364,0.069771163697329,31.152558087032737,0.11586624445289222,0.50729836684918
34.6,6885.916080081309,-0.03393680108387402,0.09960772679186605,33.93992265371108,0.13390454656327178,0.6267667761836145
34.65,6851.26880903452,-0.02132784590617595,0.1365807910637844,38.48016561317239,0.17129200881641302,0.5491397409551062
34.7,6860.685632555357,-0.004541321383996079,0.17367401088077783,44.61766061909688,0.18479703054212468,0.5531436744464293
34.75,6847.811499903605,-0.01143749696756072,0.2011468423672189,49.18504996016769,0.18454122694976502,0.5843770001927896
34.800000000000004,6825.569678439636,-0.03175391063891707,0.2072613062161659,52.66080696818288,0.16040330974224173,0.5694186376149496
34.85,6813.029267453294,-0.02927231711182948,0.19012475454486694,53.3844205785778,0.1333828354543966,0.6045365781710871
34.9,6807.298810919145,-0.012180653272163739,0.16654864954739018,47.85992305523074,0.12745447967848433,0.6160158544114073
34.95,6821.0950932611595,-0.0051359341207445845,0.15034330257266995,41.120745758449644,0.12500670059524466,0.5609509326115987
35.0,6814.820413637834,-0.009493250465018671,0.14017892812517457,38.3403514194494,0.12637212556160166,0.5613468977162498
35.050000000000004,6790.553656287682,-0.02313360266506295,0.1316746327678362,38.00054960691147,0.11813313914756175,0.6317853748492717
35.1,6774.7145338570745,-0.01961596194708904,0.14321535828594306,36.43101191134333,0.11752644548460599,0.6276182204764179
35.15,6799.0,0.008557123364796384,0.1643323781335722,33.610508201804194,0.11658389883280024,0.5730873236024512
35.2,6802.646817343709,0.01678941751447711,0.1554134713282394,33.2193341246345,0.10745726530413027,0.560706365312582
35.25,6808.901694433926,0.0031251013473923795,0.13709583159069239,34.951928069792,0.09814192749436114,0.5945536728511926
35.300000000000004,6808.799587135606,0.00341227047833678,0.13735315310246518,34.38361642357334,0.11228093756594612,0.580268593367172
35.35,6812.543674183093,0.004706207832122958,0.12192620876843824,32.42202659008335,0.1185474397738002,0.5991497820358649
35.4,6845.722889862856,7.28068579417484e-05,0.08956904912363248,32.52792384408511,0.11194462613594604,0.6524096328761888
35.45,6818.100406504063,0.00044538858497296505,0.0783426713248048,34.00295160565174,0.09075104812041719,0.62722889305817
35.5,6803.039341961065,-0.0014701502622532987,0.10273026906863661,33.651713660218554,0.07208522848052037,0.67
35.550000000000004,6822.83053470182,-0.00456000909762736,0.1583923582542402,28.651319293882448,0.10403730739746893,0.7983053470182074
35.6,6844.0,-0.0015228140331058578,0.1792205568919218,24.32107056709514,0.10725408427522706,0.671524984533382
35.65,6916.947845396239,-0.01868296254039325,0.1469034102231284,26.3325952202787,0.1155396669098767,1.070086706636902
35.7,6932.110264700582,-0.06984675497874075,0.14052292929425578,30.23863280040608,0.09262042772119765,0.8903675490019387
35.75,6460.399643578472,-0.13705480757691224,0.1535294168362173,29.592893520846157,0.11333868843688277,0.020832600689081618
35.800000000000004,6211.309884582256,-0.1843212883948178,0.1346025659922424,26.119266138332232,0.10654912118365632,-0.43225288544360363
35.85,6330.971924290217,-0.1859581965282841,0.09650679999524955,25.21860081892133,0.0401817648066194,-0.25813715227989176
35.9,6110.956070957832,-0.17772916573437075,0.0538657635891956,20.765537261438855,-0.0031798789195898926,-0.27038664038598814
35.95,5810.072153395106,-0.16821655270502428,0.010415129889331166,7.785445392534678,-0.10184326501974805,-0.2717283667486104
36.0,5558.983278535676,-0.15821520254230265,-0.0377203825359663,-9.064500453743547,-0.14516011143180974,-0.11352353027775051
36.050000000000004,5234.89646772226,-0.1726410895721454,-0.09607981653753214,-24.67088403468867,-0.21014824241129096,-0.09569603464609334
36.1,4998.949733881044,-0.19010662094251907,-0.12506074883772814,-35.03317775304133,-0.2285358601927653,-0.020446270167288227
36.15,4684.051179010928,-0.18896366753576546,-0.10153007314751818,-39.147997647024674,-0.20125644174219476,-0.06875552243369372
36.2,4451.15604465482,-0.18410082406946007,-0.07876767510059307,-40.054616320971874,-0.18068204811330985,-0.12445088202738162
36.25,4292.092020621909,-0.16451239435871884,-0.07943644058725471,-42.714159569739664,0.347459073558699,0.015007779661410557
36.300000000000004,4128.8866903551325,-0.11593509789752167,-0.05684863297485483,-37.37144300235666,0.3600000143051147,0.0550516358275479
36.35,3982.7771082572394,-0.075222846544269,0.0006736229229289195,-14.345037728841774,0.3600000143051147,0.028885541286197074
36.4,3834.5709015603984,-0.07266608872166433,0.05274978156643495,14.443774536124119,0.3600000143051147,0.14118724715854508
36.45,3687.4685038621433,-0.09230046949714592,0.085097191992985,37.78592976414091,0.3600000143051147,0.2188798098633421
36.5,3578.8845131674316,-0.09212045659452747,0.09057872228148307,50.585134616968524,0.3600000143051147,0.2695288717081421
36.550000000000004,3479.32749613818,-0.060575465060629635,0.062015760938102155,52.587929936050244,0.3600000143051147,0.30309106867012847
36.6,3439.2388588882086,-0.030127748968523042,0.04296719683220661,51.585860083033936,0.3600000143051147,0.32823020158827343
36.65,3392.0,-0.01732220010005945,0.05355566558704726,50.86245283203647,0.3600000143051147,0.31554133533095097
36.7,3396.854162732963,-0.01371817458745032,0.07010480286769709,50.39616184957691,0.3600000143051147,0.3378124409944446
36.75,3362.161545248782,-0.014032259018081396,0.0905158889762668,49.887550131588064,0.3600000143051147,0.38085740591552536
36.800000000000004,3316.254294598204,-0.01437590623720917,0.11272617503274604,48.36998450885561,0.3600000143051147,0.40898282160718297
36.85,3346.0995553739685,-0.009784121446398782,0.1329453633750154,47.15296142919931,0.3600000143051147,0.35193164776004326
36.9,3382.46484634958,-0.014934399531145507,0.15105235135733674,47.032412600912835,0.3600000143051147,0.37873223722841826
36.95,3306.92026764515,-0.03169081578586286,0.14004305432643555,48.4267236702547,0.3600000143051147,0.46353075760846535
37.0,3263.2430619583256,-0.03360794419052997,0.09847541822155059,49.88256679115932,0.3600000143051147,0.46243061958325654
37.050000000000004,3337.071634417462,-0.02058811969417464,0.0697041325089658,48.86762827834613,0.3600000143051147,0.3856427885275127
37.1,3377.200256440699,-0.015464916754108191,0.06406009691469265,47.12089923329459,0.3600000143051147,0.40771501840199736
37.15,3289.417442337429,-0.023026226650818476,0.060731177306557096,47.164799938023165,0.3600000143051147,0.4959072350361269
37.2,3267.5994038335753,-0.03190107055315241,0.05690293006572837,48.71232736405457,0.3600000143051147,0.5165748352367118
37.25,3343.3785576649716,-0.0333085094253818,0.05456481492055147,48.64538409905976,0.3600000143051147,0.42
37.300000000000004,3373.0,-0.02826246062313173,0.05064738875291031,46.9216550822762,0.3600000143051147,0.42
37.35,3356.6376855351973,-0.031863288421485246,0.04977423706404249,47.19205050315062,0.3600000143051147,0.5025434716972039
37.4,3330.900010472057,-0.035935398863727014,0.06034855528004503,47.89828381315718,0.3600000143051147,0.49299968583829024
37.45,3377.5583670078204,-0.01548477141559844,0.0685868083829305,47.624348169631126,0.3600000143051147,0.44322081649608974
37.5,3410.6383623383263,0.017402810797733967,0.06512120122785173,48.69931700404487,0.3600000143051147,0.43935160111348875
37.550000000000004,3472.545727956279,0.018909973891788775,0.09417657764831452,49.85506774720126,0.3600000143051147,0.680144667889921
37.6,3510.5689994249037,-0.01634945610896566,0.14395086634554968,49.17710776275071,0.3600000143051147,0.5928638904863787
37.65,3533.9133278160275,-0.021162677576665512,0.13951782850660538,50.240818975112276,0.3600000143051147,0.545433360919863
37.7,3523.518352402747,0.014703710999095647,0.0926253645269816,51.932604013147696,0.3600000143051147,0.5855212814645354
37.75,3593.9473798403583,0.029511305913095597,0.04180061573875605,50.73944334969428,0.3600000143051147,0.5465195098834089
37.800000000000004,3700.5698473826956,0.038539438795700716,0.02199270211320584,51.443151945310106,0.3600000143051147,0.46140201112536805
37.85,3779.147233324451,0.053309501236654774,0.05782845010353802,54.22033885665106,0.3600000143051147,1.0593774757971128
37.9,3799.411487243012,0.029724769574708505,0.08451676219756243,55.62014989646063,0.3600000143051147,0.755824546775623
37.95,3914.3984069255935,0.012348121772190804,0.07382695098942081,57.232655163233176,0.3600000143051147,0.7152855252018315
38.0,4121.696309400126,0.032078243226501185,0.0882825500298664,60.360781882481916,0.3600000143051147,0.9217916678366515
38.050000000000004,4172.799249498215,0.029555482592674244,0.12815359099945556,64.0338971744139,0.3600000143051147,0.8867604752346966
38.1,4246.232077031882,0.0032069390449800377,0.14137674479795717,64.10541035001971,0.3600000143051147,0.7827696659775802
38.15,4498.210753055157,-0.016329920147063266,0.1390313593351746,62.94058002049752,0.3600000143051147,1.047740815533206
38.2,4565.618859821779,-0.019429046038016835,0.15008189538902045,65.72292665897152,0.3600000143051147,0.952578582590743
38.25,4648.2597556069595,-0.006616434298502477,0.1521844389100712,70.05981165985384,0.3600000143051147,0.788767726038419
38.300000000000004,4791.942205395868,0.010510147267733048,0.12325876497338488,73.40270925242326,0.3600000143051147,1.1584269147628419
38.35,4848.985438792291,0.03940523591797606,0.11439758286330019,75.17057354851521,0.3600000143051147,1.0220653778305686
38.400000000000006,4984.649373890524,0.06570495363813963,0.1540530323154006,76.00449535414785,0.3600000143051147,0.8778215707911672
38.45,5098.854678424462,0.06899711368099833,0.17177524655173987,76.18799679112985,0.3600000143051147,1.2279190123456496
38.5,5299.592835820896,0.05634501199527096,0.14723024419359615,75.83123278661104,0.3600000143051147,0.8693412935323382
38.550000000000004,5496.721794948273,-0.004935601495005694,0.120871862146268,73.88050381386137,0.08102082505566893,1.1744181928817745
38.6,5348.00301451432,-0.10296641178617055,0.09787807446162805,62.877323383058325,0.0,0.16173524376622805
38.650000000000006,5083.385350363719,-0.19228334861631313,0.07425145506341121,37.182810138849966,0.0,-0.31
38.7,4618.040248506546,-0.2909186716675035,0.04248555717267794,11.457467161689845,0.0,-0.22202016726403254
38.75,3915.527741935484,-0.37609002526640395,0.0031038287977469565,1.9852155760609191,0.0,0.048038709677419356
38.800000000000004,3310.296738442401,-0.4220480306363489,-0.01533633953461152,1.6236527570349357,0.0,0.18185198189482382
38.85,2782.3993227749434,-0.4514923009457954,-0.00080956121010934,1.2233823072511405,0.0,0.32250014851426684
